id_venda,data,id_produto,id_cliente,quantidade,preco_unitario,desconto_pct,valor_total,canal
1,2023-04-06,9,1,2,48.48,0,96.96,Loja Física
2,2022-02-13,3,27,3,597.14,10,1612.28,Representante
3,2023-04-17,7,24,5,415.32,10,1868.94,Online
4,2022-01-15,8,41,3,512.39,0,1537.16,Representante
5,2022-05-01,9,31,3,48.29,0,144.86,Online
6,2022-03-06,3,36,7,613.53,0,4294.73,Online
7,2024-11-18,5,36,4,305.74,0,1222.95,Loja Física
8,2024-09-21,8,15,5,563.76,0,2818.82,Representante
9,2022-09-28,3,2,5,672.27,15,2857.14,Representante
10,2024-08-26,3,16,3,702.75,0,2108.26,Loja Física
11,2024-04-13,6,47,4,460.46,0,1841.82,Online
12,2022-07-18,8,12,9,453.83,15,3471.8,Loja Física
13,2023-12-27,7,25,6,399.59,5,2277.66,Loja Física
14,2024-08-14,10,43,4,79.94,15,271.79,Online
15,2022-07-21,2,23,6,271.01,0,1626.06,Loja Física
16,2023-11-26,8,31,8,482.52,0,3860.19,Online
17,2023-01-28,9,7,1,39.12,0,39.12,Representante
18,2024-07-07,4,8,4,1077.21,0,4308.83,Loja Física
19,2023-01-11,7,9,2,406.26,0,812.52,Loja Física
20,2023-05-27,6,49,2,371.37,0,742.75,Loja Física
21,2022-07-20,7,27,5,357.29,0,1786.46,Representante
22,2022-01-31,6,5,1,365.08,0,365.08,Online
23,2022-12-07,3,11,5,695.36,5,3302.94,Loja Física
24,2024-09-12,9,8,1,46.08,0,46.08,Loja Física
25,2022-05-01,9,37,2,41.92,0,83.84,Loja Física
26,2022-01-05,6,24,1,456.15,5,433.34,Loja Física
27,2024-07-20,4,38,2,1199.5,0,2399.0,Loja Física
28,2024-09-23,7,26,4,408.14,0,1632.56,Online
29,2023-08-31,10,32,8,89.73,0,717.85,Online
30,2022-05-05,3,28,3,625.53,15,1595.11,Loja Física
31,2022-04-28,2,45,2,289.16,0,578.32,Representante
32,2024-09-03,9,29,4,41.9,10,150.85,Representante
33,2022-11-19,2,41,4,272.01,0,1088.04,Representante
34,2022-06-14,1,14,2,4526.84,0,9053.68,Online
35,2022-05-20,9,45,2,45.45,15,77.27,Online
36,2024-04-06,9,32,3,47.54,0,142.63,Representante
37,2023-05-20,7,8,4,408.33,10,1470.01,Representante
38,2022-03-23,8,33,5,458.99,10,2065.47,Online
39,2024-05-08,8,46,2,474.9,15,807.33,Representante
40,2024-12-06,10,28,5,98.29,0,491.45,Loja Física
41,2023-02-23,8,35,1,453.94,15,385.85,Representante
42,2023-10-06,10,45,7,85.78,0,600.49,Loja Física
43,2024-03-21,9,42,8,46.13,0,369.02,Representante
44,2023-09-07,4,41,4,1219.14,5,4632.72,Loja Física
45,2022-05-29,3,36,2,610.35,0,1220.69,Loja Física
46,2022-07-24,8,29,4,507.92,0,2031.67,Representante
47,2023-03-13,6,36,3,371.91,10,1004.15,Loja Física
48,2022-09-29,4,13,2,1058.65,0,2117.31,Online
49,2023-05-16,7,12,3,369.4,0,1108.19,Loja Física
50,2022-11-20,6,5,5,411.24,5,1953.39,Representante
51,2023-09-12,5,15,3,304.52,10,822.19,Representante
52,2024-12-19,3,25,8,622.46,0,4979.69,Representante
53,2023-09-06,9,41,4,44.34,15,150.76,Online
54,2022-10-03,4,43,3,1158.8,0,3476.41,Online
55,2022-08-08,5,39,2,301.36,15,512.32,Representante
56,2022-11-15,3,45,7,696.91,0,4878.35,Loja Física
57,2023-03-08,1,7,5,3872.58,15,16458.46,Loja Física
58,2023-02-21,6,35,3,431.89,15,1101.31,Representante
59,2023-06-25,2,18,3,258.99,10,699.26,Loja Física
60,2023-05-30,5,2,4,357.87,0,1431.5,Online
61,2024-05-17,7,19,3,398.3,0,1194.89,Online
62,2022-01-08,9,31,5,47.11,0,235.55,Online
63,2023-06-21,7,38,4,392.04,0,1568.16,Representante
64,2024-06-23,5,44,4,350.14,10,1260.49,Representante
65,2024-05-25,2,35,3,275.4,10,743.58,Online
66,2022-08-18,7,21,3,358.52,0,1075.57,Representante
67,2022-11-02,8,1,1,567.45,10,510.71,Online
68,2024-01-27,7,49,5,374.95,10,1687.29,Representante
69,2022-10-31,6,20,3,425.18,5,1211.76,Online
70,2022-03-27,4,46,3,1223.08,0,3669.25,Loja Física
71,2022-03-23,4,5,3,1184.01,0,3552.02,Online
72,2023-05-27,9,38,1,40.29,15,34.25,Online
73,2023-12-26,3,25,9,585.37,10,4741.47,Loja Física
74,2022-11-13,10,50,5,96.77,0,483.86,Online
75,2022-12-29,9,1,6,45.37,5,258.62,Online
76,2023-01-03,9,50,4,46.58,15,158.38,Loja Física
77,2024-04-23,7,41,1,323.83,15,275.25,Representante
78,2023-05-24,1,33,3,4379.14,0,13137.42,Online
79,2022-08-10,10,9,1,96.09,5,91.29,Online
80,2024-08-21,7,34,2,391.84,0,783.67,Online
81,2024-07-31,5,16,2,327.55,0,655.09,Loja Física
82,2023-04-12,5,37,4,361.71,0,1446.86,Online
83,2023-01-31,4,20,1,1035.83,5,984.04,Loja Física
84,2023-07-25,4,43,4,1185.2,0,4740.8,Loja Física
85,2023-12-21,6,50,8,407.82,15,2773.19,Representante
86,2024-03-29,1,38,2,3843.67,15,6534.23,Representante
87,2023-11-10,6,38,9,378.9,0,3410.12,Online
88,2023-06-19,9,21,6,48.76,0,292.57,Representante
89,2023-06-28,6,29,3,400.19,0,1200.58,Online
90,2024-06-08,5,50,5,341.16,0,1705.8,Representante
91,2023-10-05,2,34,2,278.49,5,529.14,Representante
92,2024-11-13,8,30,5,483.05,0,2415.25,Loja Física
93,2023-01-25,8,38,2,522.6,0,1045.19,Online
94,2024-06-12,5,37,2,368.76,0,737.52,Representante
95,2023-02-08,10,8,3,95.73,0,287.2,Loja Física
96,2022-05-24,6,21,1,457.46,15,388.84,Loja Física
97,2023-10-05,2,38,6,267.29,15,1363.17,Online
98,2023-09-08,10,12,3,95.89,10,258.9,Loja Física
99,2024-04-16,7,14,4,344.95,0,1379.81,Loja Física
100,2023-08-29,7,24,3,397.86,10,1074.21,Online
101,2023-01-28,5,37,2,314.52,5,597.59,Representante
102,2024-02-16,7,10,4,367.46,15,1249.36,Representante
103,2022-12-23,7,24,2,326.7,10,588.06,Representante
104,2023-09-09,9,32,6,45.83,5,261.25,Representante
105,2022-01-01,9,3,2,41.33,0,82.66,Loja Física
106,2023-03-07,2,24,3,239.77,5,683.36,Representante
107,2023-10-22,7,48,3,369.3,5,1052.51,Loja Física
108,2024-06-24,6,5,6,359.32,15,1832.53,Online
109,2024-11-12,8,39,5,511.19,5,2428.15,Representante
110,2022-12-14,4,29,6,1034.9,15,5277.98,Online
111,2023-08-05,7,9,5,342.14,10,1539.63,Representante
112,2023-11-18,3,1,7,624.46,0,4371.22,Online
113,2023-09-28,2,16,6,257.18,0,1543.08,Online
114,2022-10-29,3,5,1,620.29,0,620.29,Online
115,2023-05-17,2,3,1,292.85,5,278.2,Representante
116,2022-05-30,4,17,1,1263.21,5,1200.04,Loja Física
117,2023-02-03,5,48,2,298.3,15,507.1,Representante
118,2024-02-26,5,23,3,357.11,5,1017.77,Loja Física
119,2023-05-15,10,28,1,91.0,0,91.0,Representante
120,2022-01-12,10,34,3,93.96,0,281.87,Loja Física
121,2023-03-25,10,4,4,92.18,0,368.7,Representante
122,2024-11-26,9,32,8,47.69,5,362.42,Online
123,2023-05-26,9,25,2,42.11,0,84.22,Loja Física
124,2022-10-01,1,31,2,4762.16,5,9048.11,Representante
125,2024-12-23,9,17,10,47.03,10,423.3,Representante
126,2023-10-12,6,22,2,437.85,5,831.92,Representante
127,2024-10-30,3,38,6,567.7,5,3235.91,Representante
128,2024-07-02,4,2,2,1293.52,0,2587.04,Representante
129,2024-08-30,4,1,6,1163.89,5,6634.16,Loja Física
130,2023-05-22,3,38,3,705.39,15,1798.75,Loja Física
131,2024-12-03,10,4,10,98.17,5,932.61,Representante
132,2023-05-05,1,12,3,4093.7,0,12281.1,Loja Física
133,2022-06-08,9,19,3,46.45,15,118.44,Loja Física
134,2023-04-26,2,35,5,289.09,0,1445.47,Loja Física
135,2023-10-17,2,9,6,293.23,10,1583.42,Online
136,2022-10-11,2,35,3,246.09,0,738.28,Online
137,2024-02-24,1,20,1,4895.67,15,4161.32,Online
138,2023-03-15,10,29,4,79.33,0,317.31,Loja Física
139,2024-04-14,2,30,7,296.32,0,2074.26,Representante
140,2024-08-12,10,44,2,90.4,5,171.76,Online
141,2023-02-28,10,21,2,80.88,5,153.68,Loja Física
142,2022-02-10,7,6,4,357.15,10,1285.74,Loja Física
143,2024-09-03,4,12,4,1146.07,0,4584.3,Loja Física
144,2023-09-04,3,35,1,639.74,5,607.75,Loja Física
145,2023-03-28,10,14,4,79.87,5,303.51,Online
146,2023-07-13,4,43,5,1235.87,5,5870.4,Loja Física
147,2022-03-01,4,11,1,1091.44,5,1036.87,Loja Física
148,2024-04-08,8,11,4,555.72,15,1889.44,Online
149,2024-08-15,8,35,4,529.89,0,2119.57,Representante
150,2024-12-29,1,32,6,4363.07,0,26178.41,Loja Física
151,2022-02-25,7,41,3,342.98,0,1028.93,Representante
152,2024-05-27,2,18,8,243.29,0,1946.35,Loja Física
153,2023-01-08,7,36,1,338.84,0,338.84,Loja Física
154,2024-02-16,9,7,6,39.72,0,238.34,Online
155,2024-07-20,4,20,2,1093.42,0,2186.85,Loja Física
156,2024-02-16,4,45,4,1266.83,0,5067.31,Loja Física
157,2023-06-01,8,40,4,499.02,0,1996.08,Loja Física
158,2022-02-09,9,20,3,44.46,15,113.38,Representante
159,2022-04-17,9,4,5,42.45,0,212.26,Online
160,2022-05-21,6,8,3,415.45,15,1059.4,Online
161,2022-03-05,7,4,2,340.4,0,680.8,Online
162,2022-02-11,10,29,3,77.29,10,208.69,Online
163,2023-05-04,9,45,1,48.05,0,48.05,Loja Física
164,2022-08-23,7,44,8,403.37,10,2904.24,Online
165,2024-08-10,4,15,3,1305.42,15,3328.82,Loja Física
166,2024-01-26,10,25,2,93.25,0,186.5,Representante
167,2022-08-23,2,37,4,260.16,0,1040.65,Loja Física
168,2022-08-10,7,2,4,384.25,10,1383.29,Online
169,2023-10-01,5,41,3,362.39,10,978.46,Representante
170,2024-02-08,10,35,4,82.43,5,313.24,Representante
171,2023-02-11,5,42,2,308.48,0,616.97,Representante
172,2023-05-13,10,50,3,77.72,0,233.15,Representante
173,2023-09-10,9,44,2,48.83,15,83.01,Representante
174,2022-09-05,10,37,1,82.69,10,74.42,Online
175,2023-12-13,7,24,4,402.74,10,1449.88,Loja Física
176,2024-01-29,9,16,1,49.05,0,49.05,Representante
177,2023-11-30,7,14,5,346.52,0,1732.59,Loja Física
178,2024-09-30,5,29,4,324.08,0,1296.3,Loja Física
179,2024-01-12,1,44,3,4250.02,15,10837.55,Loja Física
180,2022-11-10,4,31,7,1143.52,5,7604.44,Online
181,2024-12-04,2,27,12,239.42,15,2442.08,Loja Física
182,2024-09-17,7,35,7,367.45,5,2443.52,Loja Física
183,2023-07-04,3,26,6,646.37,0,3878.22,Online
184,2022-06-27,3,2,3,640.73,0,1922.18,Loja Física
185,2023-05-15,3,3,5,575.14,5,2731.89,Representante
186,2024-02-16,7,45,5,359.87,0,1799.36,Online
187,2024-10-09,10,8,6,91.25,0,547.48,Online
188,2024-09-25,3,4,3,624.02,0,1872.06,Loja Física
189,2023-06-14,9,20,3,40.76,0,122.27,Loja Física
190,2023-07-20,6,39,6,441.67,10,2385.03,Online
191,2024-11-24,5,32,7,338.78,0,2371.45,Online
192,2023-05-10,6,23,3,400.12,15,1020.32,Loja Física
193,2024-09-27,3,16,5,685.33,10,3083.98,Online
194,2024-09-02,7,17,4,379.28,15,1289.56,Representante
195,2024-10-02,5,21,4,331.97,5,1261.5,Online
196,2022-07-10,5,27,2,302.07,0,604.15,Online
197,2024-04-08,4,36,5,1296.75,15,5511.19,Online
198,2023-09-20,3,20,2,576.02,15,979.23,Representante
199,2024-01-26,9,25,3,43.84,5,124.95,Representante
200,2024-12-23,6,43,7,434.57,0,3042.0,Loja Física
201,2023-11-09,9,25,1,43.83,0,43.83,Representante
202,2024-07-18,8,32,6,470.8,0,2824.77,Loja Física
203,2023-05-30,3,30,4,624.2,0,2496.78,Online
204,2023-01-30,1,35,1,3858.16,0,3858.16,Online
205,2023-01-15,6,9,4,444.01,0,1776.04,Online
206,2024-09-18,5,11,5,322.98,0,1614.91,Representante
207,2024-12-10,8,27,6,520.54,10,2810.89,Loja Física
208,2022-07-25,2,6,3,261.61,0,784.82,Loja Física
209,2023-04-11,1,16,4,4806.23,0,19224.92,Online
210,2023-09-12,7,4,1,393.74,0,393.74,Representante
211,2024-12-29,2,46,2,269.56,0,539.13,Loja Física
212,2022-04-04,4,22,1,1167.56,0,1167.56,Representante
213,2023-08-22,7,33,6,335.43,15,1710.69,Online
214,2024-10-02,6,9,4,446.04,0,1784.15,Online
215,2023-08-06,9,48,2,47.38,5,90.03,Loja Física
216,2024-06-21,9,6,3,39.15,0,117.44,Online
217,2022-04-16,1,1,4,4584.83,0,18339.32,Loja Física
218,2022-08-22,4,15,5,1188.81,0,5944.07,Loja Física
219,2024-10-04,10,1,4,84.33,0,337.32,Representante
220,2022-04-20,5,5,1,384.16,0,384.16,Online
221,2023-09-15,10,39,3,85.92,0,257.75,Online
222,2022-08-31,5,39,1,347.41,10,312.67,Loja Física
223,2023-04-08,3,48,3,596.55,10,1610.68,Loja Física
224,2024-07-11,2,10,4,287.94,5,1094.18,Loja Física
225,2024-05-28,8,3,4,498.62,0,1994.46,Representante
226,2022-05-04,1,49,6,4301.24,10,23226.71,Representante
227,2022-07-23,2,14,7,271.32,0,1899.23,Representante
228,2023-03-09,7,12,1,398.69,0,398.69,Representante
229,2022-06-16,4,35,1,1307.87,0,1307.87,Online
230,2022-12-22,9,49,3,45.88,10,123.87,Online
231,2022-11-17,9,18,7,42.39,0,296.75,Loja Física
232,2024-07-11,2,23,6,262.7,15,1339.78,Representante
233,2024-08-20,4,49,5,1314.27,0,6571.36,Online
234,2023-04-20,1,47,3,4065.68,0,12197.03,Representante
235,2023-08-03,8,24,3,449.18,15,1145.4,Loja Física
236,2022-05-26,6,4,4,427.66,15,1454.03,Online
237,2023-06-26,1,46,4,4553.53,15,15482.01,Representante
238,2023-02-10,4,37,3,1251.46,5,3566.67,Online
239,2023-04-06,2,47,6,277.49,15,1415.18,Online
240,2023-06-29,6,34,6,397.57,0,2385.44,Online
241,2022-05-03,4,50,3,1240.34,0,3721.02,Loja Física
242,2023-08-15,7,47,4,338.41,5,1285.96,Online
243,2024-08-17,5,33,4,360.83,15,1226.83,Loja Física
244,2024-04-04,8,47,5,545.48,0,2727.38,Representante
245,2024-10-08,2,47,3,255.12,5,727.1,Online
246,2022-03-23,8,6,2,564.87,5,1073.26,Representante
247,2023-10-23,5,23,3,383.37,10,1035.1,Loja Física
248,2022-02-22,3,11,2,620.22,0,1240.43,Online
249,2022-02-12,2,37,2,283.37,15,481.73,Loja Física
250,2022-03-24,8,35,2,565.36,0,1130.72,Loja Física
251,2024-11-28,6,26,9,392.43,15,3002.06,Loja Física
252,2023-07-24,7,24,4,359.64,0,1438.57,Representante
253,2024-06-11,9,5,4,40.15,15,136.5,Loja Física
254,2022-07-06,1,35,5,4493.71,5,21345.13,Loja Física
255,2024-04-16,5,16,1,301.24,0,301.24,Loja Física
256,2022-08-03,2,3,4,307.44,0,1229.76,Loja Física
257,2024-04-23,6,1,5,366.8,15,1558.9,Loja Física
258,2023-08-14,5,41,2,360.35,15,612.59,Loja Física
259,2022-03-17,5,40,1,383.2,5,364.04,Online
260,2023-10-07,5,9,4,356.93,0,1427.72,Loja Física
261,2022-08-26,7,19,3,406.05,5,1157.23,Representante
262,2022-01-03,10,13,3,81.59,15,208.06,Representante
263,2024-08-04,4,4,2,1055.6,5,2005.64,Online
264,2023-01-20,8,13,2,526.3,10,947.35,Loja Física
265,2024-10-17,2,42,3,255.96,15,652.69,Loja Física
266,2022-04-16,10,37,1,87.14,0,87.14,Loja Física
267,2022-09-26,7,27,1,330.41,0,330.41,Loja Física
268,2024-09-19,4,13,2,1257.02,0,2514.04,Online
269,2023-05-06,4,16,3,1104.47,15,2816.39,Online
270,2023-09-29,6,42,3,416.36,10,1124.16,Online
271,2024-04-15,5,40,1,368.98,0,368.98,Online
272,2022-08-21,9,45,3,39.08,5,111.39,Online
273,2022-11-12,10,46,4,90.13,5,342.48,Representante
274,2023-08-21,2,25,4,299.7,10,1078.93,Representante
275,2023-07-14,5,43,2,311.92,5,592.66,Loja Física
276,2024-08-25,4,16,3,1058.42,0,3175.25,Loja Física
277,2022-10-24,8,35,1,446.11,5,423.8,Online
278,2024-11-06,9,18,9,41.73,15,319.23,Online
279,2022-05-23,8,33,3,539.55,0,1618.64,Loja Física
280,2023-11-28,8,25,8,552.9,10,3980.91,Loja Física
281,2022-01-06,2,13,2,297.35,0,594.69,Representante
282,2023-09-04,6,13,2,403.66,10,726.59,Representante
283,2024-09-29,7,5,1,417.03,0,417.03,Loja Física
284,2024-09-18,1,17,5,4021.69,0,20108.47,Loja Física
285,2024-02-12,4,43,5,1313.22,5,6237.78,Loja Física
286,2023-01-22,6,41,2,406.62,15,691.25,Online
287,2024-02-24,1,16,5,3906.77,0,19533.85,Loja Física
288,2022-03-31,10,21,2,86.24,0,172.49,Representante
289,2024-08-26,7,38,3,356.52,15,909.13,Loja Física
290,2024-03-01,3,42,3,635.36,15,1620.16,Representante
291,2022-11-08,6,39,7,412.64,5,2744.04,Online
292,2022-09-16,5,21,7,365.26,10,2301.14,Representante
293,2023-11-11,4,20,8,1077.63,0,8621.06,Loja Física
294,2022-07-24,5,47,2,346.35,10,623.43,Loja Física
295,2022-02-01,5,40,1,379.18,15,322.31,Online
296,2024-04-19,10,25,6,79.67,15,406.32,Online
297,2022-06-03,1,18,3,4662.72,5,13288.75,Loja Física
298,2023-11-25,10,12,1,96.62,10,86.96,Representante
299,2024-03-25,5,29,2,340.81,15,579.37,Online
300,2023-11-04,4,37,6,1275.18,15,6503.39,Representante
301,2024-02-18,4,25,1,1238.18,0,1238.18,Representante
302,2024-09-26,6,17,6,430.14,10,2322.74,Online
303,2022-05-21,6,13,3,386.28,0,1158.83,Representante
304,2023-08-12,4,13,2,1043.25,0,2086.49,Representante
305,2022-07-05,10,49,6,85.7,5,488.51,Online
306,2022-07-25,3,10,4,587.4,5,2232.11,Online
307,2023-09-06,3,7,1,572.96,0,572.96,Online
308,2023-10-27,1,13,8,4593.18,0,36745.45,Loja Física
309,2024-01-05,5,34,2,381.25,0,762.5,Loja Física
310,2022-10-26,5,44,7,304.67,0,2132.71,Representante
311,2024-04-23,6,30,9,433.03,10,3507.54,Representante
312,2023-01-04,6,40,5,405.6,0,2027.99,Online
313,2022-06-11,2,17,1,285.6,10,257.04,Loja Física
314,2023-05-09,2,33,4,282.45,5,1073.3,Representante
315,2022-10-21,9,13,4,44.15,0,176.59,Loja Física
316,2023-06-05,2,23,7,276.61,5,1839.46,Loja Física
317,2022-01-20,10,5,1,78.8,5,74.86,Loja Física
318,2022-11-20,6,10,7,393.37,0,2753.6,Loja Física
319,2023-12-09,9,17,4,40.54,10,145.95,Loja Física
320,2024-05-18,3,1,5,626.81,15,2663.95,Loja Física
321,2024-07-24,2,30,5,306.2,0,1531.0,Online
322,2024-02-27,4,35,2,1089.11,5,2069.31,Online
323,2023-05-01,9,6,3,44.6,5,127.11,Representante
324,2024-01-06,9,28,6,39.65,10,214.11,Loja Física
325,2023-08-28,3,18,8,591.09,0,4728.71,Representante
326,2024-03-21,10,38,7,77.75,0,544.24,Online
327,2022-04-11,5,14,4,378.67,10,1363.2,Representante
328,2024-10-14,1,19,3,4545.39,0,13636.17,Online
329,2023-12-23,6,30,4,435.68,0,1742.7,Representante
330,2023-01-25,8,10,1,467.02,10,420.32,Loja Física
331,2022-10-08,2,43,5,270.62,15,1150.14,Online
332,2022-03-22,5,3,3,384.42,0,1153.26,Loja Física
333,2022-03-10,5,33,6,332.36,10,1794.73,Loja Física
334,2022-09-27,5,13,3,341.16,0,1023.48,Loja Física
335,2023-11-01,6,44,7,403.0,15,2397.87,Loja Física
336,2022-12-26,4,44,4,1185.81,0,4743.25,Online
337,2024-01-20,2,43,4,248.62,10,895.02,Representante
338,2023-07-13,1,48,7,4444.78,0,31113.44,Loja Física
339,2024-09-13,3,20,6,622.11,0,3732.64,Representante
340,2023-11-25,1,26,7,4484.97,0,31394.81,Loja Física
341,2022-06-04,1,28,6,4674.89,0,28049.37,Online
342,2024-03-24,9,41,6,46.93,10,253.41,Loja Física
343,2022-07-04,5,13,5,314.33,5,1493.05,Online
344,2023-06-26,1,46,5,4721.7,10,21247.63,Online
345,2024-07-20,5,41,4,352.25,0,1409.02,Representante
346,2023-06-21,5,20,4,325.46,10,1171.66,Loja Física
347,2024-01-31,1,38,3,4469.25,0,13407.76,Representante
348,2023-04-24,2,20,1,248.5,5,236.08,Online
349,2023-11-03,8,7,10,531.72,10,4785.45,Online
350,2022-05-10,8,18,4,500.74,15,1702.52,Loja Física
351,2023-09-11,7,3,3,387.96,15,989.29,Loja Física
352,2022-08-27,5,28,3,369.48,0,1108.44,Online
353,2022-03-18,3,29,4,673.15,0,2692.6,Loja Física
354,2022-08-26,1,15,3,4493.81,0,13481.43,Online
355,2022-10-05,8,28,3,444.19,5,1265.94,Loja Física
356,2024-01-30,6,3,4,409.1,15,1390.96,Representante
357,2024-05-08,3,8,6,578.18,10,3122.2,Representante
358,2022-11-13,9,9,2,41.81,5,79.44,Representante
359,2022-07-22,4,17,1,1312.11,5,1246.51,Representante
360,2024-04-15,6,4,3,357.69,0,1073.08,Online
361,2024-01-29,4,2,5,1101.48,0,5507.4,Loja Física
362,2024-06-29,4,48,9,1268.88,0,11419.88,Loja Física
363,2022-07-23,8,23,6,546.39,15,2786.6,Loja Física
364,2024-01-05,3,7,4,667.94,0,2671.77,Loja Física
365,2023-07-20,1,5,3,4198.58,0,12595.75,Online
366,2024-07-20,9,7,4,43.1,0,172.41,Representante
367,2023-03-11,6,42,3,451.81,15,1152.1,Representante
368,2022-02-13,1,44,2,4365.65,0,8731.3,Loja Física
369,2023-05-14,2,34,3,279.37,0,838.12,Representante
370,2023-02-25,5,29,2,360.39,0,720.77,Representante
371,2023-03-01,9,44,5,45.35,10,204.08,Online
372,2023-04-23,10,13,8,84.85,0,678.83,Online
373,2022-01-06,9,22,1,48.75,0,48.75,Online
374,2022-09-24,7,11,2,378.37,10,681.07,Loja Física
375,2022-12-24,9,20,5,40.74,0,203.72,Representante
376,2022-02-22,7,44,1,324.39,0,324.39,Online
377,2024-01-04,3,17,1,559.79,0,559.79,Representante
378,2023-10-26,3,15,2,696.0,0,1391.99,Online
379,2023-06-28,6,45,6,409.69,0,2458.17,Online
380,2024-05-12,5,44,6,305.3,10,1648.63,Online
381,2022-05-11,3,2,4,554.61,5,2107.51,Loja Física
382,2024-01-12,7,29,1,357.48,10,321.73,Representante
383,2022-08-12,7,1,1,404.44,5,384.22,Representante
384,2023-03-30,4,48,4,1285.53,10,4627.89,Online
385,2024-12-03,3,34,7,630.53,0,4413.7,Loja Física
386,2022-03-05,6,43,3,441.83,0,1325.49,Loja Física
387,2024-04-02,7,31,1,384.88,5,365.64,Representante
388,2022-08-10,7,38,4,350.78,5,1332.95,Representante
389,2024-06-27,8,22,3,473.44,0,1420.31,Online
390,2023-10-22,9,21,5,49.06,10,220.79,Online
391,2022-05-15,3,8,5,608.09,0,3040.44,Loja Física
392,2023-10-28,5,41,4,355.9,5,1352.41,Representante
393,2024-12-22,4,33,7,1289.42,0,9025.94,Loja Física
394,2024-11-01,8,11,8,463.64,10,3338.18,Loja Física
395,2022-07-23,10,34,3,98.34,15,250.76,Online
396,2023-03-17,7,9,3,332.21,5,946.79,Loja Física
397,2023-04-13,10,1,2,81.15,5,154.18,Loja Física
398,2024-07-17,10,32,3,96.47,5,274.94,Loja Física
399,2022-07-14,10,12,1,89.52,0,89.52,Loja Física
400,2023-10-03,7,41,3,395.68,15,1009.0,Loja Física
401,2024-02-06,7,44,5,414.66,0,2073.31,Representante
402,2024-08-29,6,8,6,366.26,0,2197.59,Online
403,2022-06-24,8,11,2,487.58,0,975.15,Loja Física
404,2022-07-17,5,36,2,348.6,15,592.63,Representante
405,2024-02-03,2,26,2,256.25,0,512.49,Representante
406,2022-05-03,2,43,3,276.83,10,747.44,Representante
407,2023-11-07,3,43,8,700.64,15,4764.32,Online
408,2024-04-21,8,10,6,543.04,0,3258.24,Representante
409,2024-05-16,3,41,4,617.1,15,2098.13,Online
410,2023-08-13,2,37,4,279.67,10,1006.83,Loja Física
411,2023-12-22,4,17,3,1126.12,0,3378.36,Representante
412,2024-11-05,8,31,8,561.09,0,4488.72,Online
413,2024-09-14,1,21,2,3942.31,0,7884.62,Online
414,2023-12-19,10,8,3,86.53,10,233.63,Loja Física
415,2022-08-24,6,10,2,365.09,0,730.17,Representante
416,2023-04-09,3,39,1,614.82,5,584.08,Representante
417,2022-02-23,7,26,1,375.33,10,337.8,Representante
418,2023-07-02,1,9,4,3982.58,0,15930.31,Online
419,2023-07-14,4,49,7,1068.18,15,6355.65,Loja Física
420,2023-11-27,2,12,6,244.39,0,1466.32,Online
421,2023-01-07,9,11,5,46.4,0,231.98,Representante
422,2024-03-31,8,6,3,472.57,0,1417.72,Online
423,2022-03-04,5,31,3,346.56,0,1039.68,Representante
424,2024-12-22,10,34,4,86.11,0,344.45,Loja Física
425,2024-05-09,1,46,5,4468.49,5,21225.33,Loja Física
426,2022-11-19,9,45,6,48.5,0,291.0,Loja Física
427,2023-10-27,4,17,1,1306.07,10,1175.46,Representante
428,2022-06-23,8,3,4,448.9,0,1795.6,Online
429,2022-11-19,10,27,5,89.75,10,403.89,Online
430,2022-06-17,4,20,6,1179.54,0,7077.25,Loja Física
431,2024-05-18,2,32,4,252.77,5,960.53,Representante
432,2024-06-24,10,28,2,87.94,5,167.08,Loja Física
433,2023-03-18,7,8,3,327.07,10,883.09,Online
434,2023-12-08,10,18,8,81.05,5,615.97,Online
435,2023-08-04,5,48,8,325.32,15,2212.19,Representante
436,2024-09-23,10,37,1,82.98,10,74.68,Representante
437,2023-09-24,9,12,2,39.56,0,79.11,Online
438,2024-03-20,4,26,3,1164.38,10,3143.82,Online
439,2022-01-16,4,16,1,1283.19,0,1283.19,Loja Física
440,2023-03-09,5,32,4,334.29,0,1337.18,Loja Física
441,2023-08-16,7,2,6,375.36,0,2252.16,Online
442,2022-01-16,5,31,2,329.1,5,625.29,Representante
443,2024-05-31,2,11,6,270.66,0,1623.99,Online
444,2024-02-18,4,7,1,1273.16,10,1145.84,Representante
445,2023-04-17,3,15,6,665.02,10,3591.09,Representante
446,2023-12-27,2,6,8,279.2,0,2233.59,Loja Física
447,2022-03-28,2,40,5,255.99,5,1215.94,Online
448,2024-07-30,5,36,4,313.67,0,1254.68,Loja Física
449,2024-05-29,3,31,8,698.83,10,5031.6,Loja Física
450,2024-05-05,9,15,4,42.25,0,169.02,Online
451,2024-04-09,7,20,4,335.81,0,1343.25,Loja Física
452,2022-12-18,7,50,9,381.04,10,3086.43,Loja Física
453,2024-01-12,10,11,2,81.99,0,163.99,Loja Física
454,2022-08-05,3,17,5,587.36,0,2936.78,Loja Física
455,2024-03-31,5,42,1,298.34,10,268.5,Online
456,2024-03-21,9,29,3,42.27,0,126.81,Representante
457,2023-11-27,6,50,3,426.68,0,1280.03,Loja Física
458,2022-12-11,2,22,1,267.6,0,267.6,Representante
459,2022-08-22,4,25,4,1039.57,10,3742.45,Representante
460,2023-02-02,8,46,3,453.77,0,1361.3,Loja Física
461,2022-10-30,8,33,2,463.24,0,926.48,Online
462,2022-10-27,8,45,3,546.89,0,1640.67,Online
463,2022-12-22,7,46,5,408.72,10,1839.23,Online
464,2022-06-04,5,2,2,339.08,0,678.16,Representante
465,2024-10-08,7,38,4,405.62,5,1541.35,Representante
466,2024-07-08,1,6,7,4929.06,15,29327.91,Representante
467,2023-10-24,3,20,1,711.26,15,604.58,Loja Física
468,2022-11-06,1,30,4,4519.62,5,17174.54,Online
469,2024-08-18,10,7,2,95.35,5,181.16,Representante
470,2023-09-13,9,22,4,48.2,0,192.79,Representante
471,2022-04-26,6,48,2,395.14,0,790.27,Representante
472,2022-06-01,2,49,2,282.54,0,565.08,Loja Física
473,2024-07-14,8,43,5,550.68,0,2753.4,Online
474,2024-01-26,9,18,5,42.94,0,214.7,Online
475,2022-07-04,10,2,2,88.11,10,158.6,Representante
476,2024-11-04,1,48,1,4598.83,5,4368.89,Loja Física
477,2022-03-26,10,26,6,97.94,5,558.26,Representante
478,2023-01-21,2,44,4,267.25,0,1068.99,Representante
479,2024-09-01,7,18,3,405.73,10,1095.47,Online
480,2022-05-07,4,12,5,1060.44,5,5037.1,Online
481,2023-12-05,7,16,6,411.88,15,2100.61,Online
482,2024-10-30,6,49,1,411.51,15,349.78,Online
483,2022-03-22,7,35,3,378.36,0,1135.09,Representante
484,2024-06-15,2,46,4,246.07,5,935.07,Representante
485,2024-12-06,7,15,6,336.42,10,1816.65,Online
486,2024-01-16,9,26,3,47.22,0,141.67,Loja Física
487,2024-03-04,2,27,5,257.77,5,1224.42,Loja Física
488,2022-04-18,3,30,6,661.3,15,3372.65,Representante
489,2023-11-17,4,6,7,1302.34,0,9116.4,Loja Física
490,2022-07-13,9,10,6,41.34,10,223.22,Representante
491,2024-03-02,7,22,2,404.45,0,808.89,Loja Física
492,2022-11-04,9,11,1,46.55,0,46.55,Online
493,2022-10-17,2,3,4,287.45,0,1149.81,Loja Física
494,2024-03-13,4,19,4,1169.69,0,4678.77,Representante
495,2022-06-23,9,2,2,43.53,0,87.06,Representante
496,2024-02-11,10,12,1,90.65,15,77.06,Loja Física
497,2022-09-19,9,4,3,46.84,15,119.45,Representante
498,2024-12-14,3,19,7,629.73,0,4408.1,Representante
499,2024-05-17,2,20,3,281.49,10,760.04,Loja Física
500,2022-02-07,1,39,3,4363.38,0,13090.14,Loja Física
501,2023-01-05,7,23,1,397.65,0,397.65,Loja Física
502,2024-09-22,6,41,6,431.06,0,2586.33,Online
503,2022-10-09,8,10,2,472.16,0,944.32,Online
504,2023-08-29,3,7,3,610.49,0,1831.48,Representante
505,2024-12-14,10,21,7,93.82,0,656.72,Representante
506,2023-11-21,7,14,6,377.01,10,2035.85,Online
507,2024-02-11,3,41,2,713.0,0,1426.0,Online
508,2023-01-06,9,8,1,44.18,15,37.55,Representante
509,2022-12-06,10,36,9,95.99,15,734.31,Loja Física
510,2022-03-31,2,7,5,301.53,5,1432.27,Loja Física
511,2023-05-02,8,13,4,557.07,5,2116.87,Representante
512,2023-08-07,3,2,5,581.37,15,2470.84,Loja Física
513,2023-04-25,8,24,5,566.16,10,2547.71,Online
514,2023-09-26,5,14,6,325.36,5,1854.54,Online
515,2024-01-24,2,1,1,286.08,15,243.16,Representante
516,2024-06-21,7,35,4,360.08,5,1368.3,Loja Física
517,2024-02-22,2,23,2,270.81,10,487.47,Representante
518,2024-05-07,4,27,8,1162.38,0,9299.07,Online
519,2022-10-11,5,19,8,341.86,0,2734.92,Online
520,2024-09-11,10,17,4,87.02,0,348.08,Representante
521,2022-07-30,9,7,3,46.02,15,117.36,Representante
522,2022-09-13,8,28,2,485.74,0,971.48,Online
523,2022-11-25,2,38,3,246.81,0,740.44,Loja Física
524,2024-11-17,9,24,7,47.67,0,333.67,Loja Física
525,2022-07-07,8,17,1,470.54,0,470.54,Loja Física
526,2023-12-17,7,23,5,408.47,0,2042.36,Loja Física
527,2022-04-20,8,8,1,567.66,5,539.28,Representante
528,2024-02-05,3,30,1,648.32,0,648.32,Loja Física
529,2022-06-17,8,5,4,546.34,0,2185.37,Online
530,2022-02-27,5,13,1,336.87,0,336.87,Online
531,2023-11-18,10,28,3,79.82,0,239.46,Online
532,2022-03-20,5,32,2,364.4,0,728.8,Loja Física
533,2022-10-12,6,13,3,397.41,15,1013.39,Loja Física
534,2024-07-07,8,38,3,495.64,10,1338.23,Online
535,2022-06-12,2,21,7,306.63,0,2146.44,Loja Física
536,2023-03-18,3,14,5,633.62,0,3168.09,Representante
537,2024-12-16,8,47,11,455.53,5,4760.29,Online
538,2023-08-14,2,20,1,275.89,0,275.89,Loja Física
539,2022-09-07,3,1,2,561.88,0,1123.76,Online
540,2024-05-09,4,11,8,1317.8,15,8961.02,Representante
541,2024-07-25,7,2,5,351.89,0,1759.43,Online
542,2024-10-20,9,8,5,42.35,10,190.59,Representante
543,2022-02-03,5,37,3,334.21,15,852.23,Representante
544,2023-05-11,3,28,1,655.02,15,556.77,Online
545,2023-08-20,4,17,1,1151.32,5,1093.76,Online
546,2023-12-24,6,2,4,393.42,0,1573.68,Representante
547,2024-05-03,4,11,4,1311.6,0,5246.39,Representante
548,2022-06-25,3,48,2,587.54,10,1057.58,Loja Física
549,2022-05-19,10,17,2,88.59,10,159.47,Representante
550,2024-11-05,2,18,7,298.53,10,1880.71,Representante
551,2022-02-11,8,21,4,518.75,5,1971.25,Loja Física
552,2022-03-31,2,34,2,254.39,15,432.46,Loja Física
553,2024-02-04,5,21,2,328.17,0,656.35,Representante
554,2022-02-03,4,32,4,1171.92,0,4687.66,Online
555,2023-12-08,10,37,6,94.21,0,565.23,Representante
556,2022-08-01,3,40,3,629.86,10,1700.61,Representante
557,2023-11-12,6,39,11,447.18,0,4918.97,Online
558,2023-12-23,2,7,7,262.39,10,1653.04,Loja Física
559,2022-12-25,7,2,4,352.03,15,1196.91,Loja Física
560,2024-09-07,1,40,6,4268.64,15,21770.08,Online
561,2022-10-04,8,25,1,551.46,0,551.46,Representante
562,2024-07-26,1,4,4,4119.02,0,16476.06,Loja Física
563,2023-02-17,6,29,4,365.52,0,1462.06,Online
564,2022-03-27,5,37,2,381.78,0,763.55,Loja Física
565,2024-11-21,3,28,6,652.4,5,3718.69,Representante
566,2024-08-27,5,25,4,319.67,0,1278.7,Online
567,2023-01-27,3,42,4,591.43,0,2365.73,Loja Física
568,2022-04-08,9,24,3,48.71,15,124.21,Loja Física
569,2023-07-14,6,14,4,357.12,0,1428.5,Loja Física
570,2024-06-13,6,8,7,384.19,5,2554.87,Representante
571,2024-06-19,2,19,3,306.99,5,874.92,Loja Física
572,2023-01-18,8,18,2,476.87,5,906.05,Representante
573,2024-10-15,2,48,6,289.35,0,1736.12,Representante
574,2023-07-01,4,36,2,1195.41,0,2390.82,Representante
575,2024-05-19,9,40,5,42.34,0,211.69,Loja Física
576,2023-01-05,1,18,1,4422.31,10,3980.08,Loja Física
577,2023-10-20,7,31,5,416.93,0,2084.66,Online
578,2023-11-03,2,3,2,241.85,15,411.15,Loja Física
579,2023-09-20,3,28,2,628.44,5,1194.04,Representante
580,2024-05-22,4,13,6,1189.05,0,7134.33,Representante
581,2024-06-28,5,35,4,342.37,0,1369.48,Loja Física
582,2022-03-28,7,36,3,401.39,15,1023.53,Loja Física
583,2024-06-09,3,15,7,702.07,0,4914.49,Representante
584,2022-04-28,2,32,3,266.43,0,799.28,Representante
585,2024-04-11,9,42,2,41.34,0,82.68,Representante
586,2022-11-24,3,14,5,564.56,0,2822.81,Online
587,2024-06-16,6,33,2,457.33,0,914.66,Online
588,2022-05-18,3,4,3,626.39,0,1879.17,Representante
589,2024-01-21,2,4,1,257.43,0,257.43,Loja Física
590,2022-03-08,7,41,3,364.11,10,983.09,Online
591,2024-07-10,5,31,8,380.97,0,3047.74,Loja Física
592,2024-06-28,5,7,6,341.26,0,2047.54,Representante
593,2022-10-09,6,20,5,418.84,10,1884.79,Loja Física
594,2024-03-26,8,41,7,457.04,0,3199.26,Representante
595,2023-07-25,6,47,3,432.11,0,1296.34,Online
596,2022-02-23,4,18,4,1060.0,15,3603.98,Online
597,2024-10-19,2,21,1,288.13,10,259.32,Loja Física
598,2022-08-30,3,40,4,603.65,0,2414.61,Loja Física
599,2024-07-02,1,21,2,4363.52,0,8727.03,Representante
600,2023-08-08,9,37,1,41.52,15,35.3,Loja Física
601,2023-02-14,9,46,3,47.0,0,141.01,Online
602,2022-06-01,1,44,7,4940.99,5,32857.61,Online
603,2024-06-30,2,44,6,285.32,0,1711.91,Representante
604,2023-10-17,9,42,1,47.48,15,40.36,Loja Física
605,2022-05-13,2,46,1,245.45,10,220.91,Representante
606,2023-08-18,6,7,2,385.53,0,771.05,Online
607,2022-12-23,1,8,10,4074.4,0,40743.98,Representante
608,2023-04-05,10,39,2,94.24,0,188.47,Online
609,2022-10-12,9,36,2,38.5,0,76.99,Loja Física
610,2022-02-23,4,37,1,1035.05,0,1035.05,Representante
611,2024-01-26,8,41,1,570.96,5,542.41,Representante
612,2022-09-23,7,9,1,351.74,10,316.57,Online
613,2022-05-15,9,28,3,45.92,0,137.75,Loja Física
614,2024-09-07,4,19,2,1221.88,10,2199.38,Loja Física
615,2024-04-18,10,31,2,80.06,10,144.11,Online
616,2022-09-14,9,12,1,38.27,0,38.27,Representante
617,2022-06-01,4,17,4,1198.03,5,4552.51,Loja Física
618,2024-11-25,7,38,5,332.76,0,1663.78,Online
619,2023-01-08,6,34,2,366.65,0,733.3,Loja Física
620,2024-10-26,6,22,4,451.86,0,1807.45,Online
621,2024-11-27,2,43,12,279.02,0,3348.24,Loja Física
622,2022-12-04,10,46,5,88.99,0,444.93,Loja Física
623,2023-04-07,5,32,4,311.71,0,1246.82,Representante
624,2023-08-05,5,46,4,319.38,0,1277.53,Loja Física
625,2023-02-07,3,23,1,643.96,15,547.37,Representante
626,2023-07-17,10,39,5,92.1,0,460.49,Representante
627,2023-09-13,9,21,4,45.85,10,165.05,Representante
628,2022-07-11,3,30,2,700.86,10,1261.54,Representante
629,2022-12-12,3,19,5,632.98,10,2848.41,Representante
630,2022-11-12,10,45,5,91.01,0,455.06,Representante
631,2023-11-23,5,12,7,326.11,10,2054.47,Online
632,2022-02-28,3,13,2,629.18,0,1258.35,Online
633,2023-06-27,10,37,1,77.84,15,66.17,Online
634,2024-05-03,5,45,3,300.92,10,812.49,Representante
635,2022-03-04,5,2,2,312.11,5,593.0,Representante
636,2023-08-17,7,39,2,348.7,15,592.8,Loja Física
637,2024-09-16,3,23,4,636.2,0,2544.81,Representante
638,2024-04-11,7,45,3,396.26,0,1188.77,Loja Física
639,2022-05-30,9,45,2,43.7,15,74.29,Online
640,2022-11-20,4,12,11,1254.98,5,13114.58,Loja Física
641,2024-09-18,8,8,4,548.44,5,2084.07,Online
642,2023-11-28,2,12,8,241.94,10,1741.99,Online
643,2023-10-03,3,18,2,674.98,15,1147.46,Loja Física
644,2023-12-09,7,21,5,369.88,5,1756.95,Online
645,2024-01-29,5,12,1,370.51,10,333.46,Representante
646,2022-08-06,10,16,3,83.62,0,250.85,Online
647,2024-08-13,2,35,2,266.06,0,532.12,Loja Física
648,2024-07-09,3,2,5,575.57,0,2877.83,Online
649,2022-07-18,4,2,2,1022.87,0,2045.75,Loja Física
650,2024-02-26,4,26,2,1043.23,10,1877.81,Loja Física
651,2023-05-24,7,29,6,371.14,0,2226.87,Loja Física
652,2023-10-03,8,11,8,462.22,0,3697.79,Online
653,2024-10-17,1,39,2,4323.89,10,7783.01,Loja Física
654,2024-10-18,10,24,1,90.52,0,90.52,Loja Física
655,2022-02-17,3,22,2,714.86,0,1429.72,Loja Física
656,2024-11-01,4,30,7,1199.35,5,7975.69,Online
657,2023-03-17,1,41,3,4297.62,10,11603.59,Loja Física
658,2022-04-10,9,49,1,40.47,0,40.47,Loja Física
659,2024-10-10,8,24,1,545.16,10,490.65,Representante
660,2024-08-21,5,13,6,348.0,0,2087.98,Representante
661,2022-01-17,1,13,2,4221.55,0,8443.1,Loja Física
662,2022-10-02,1,46,5,4731.97,0,23659.86,Representante
663,2024-01-20,4,6,3,1166.02,5,3323.15,Loja Física
664,2022-04-03,8,32,1,570.26,5,541.75,Online
665,2023-02-03,1,36,3,4667.1,0,14001.31,Representante
666,2023-08-15,7,14,1,375.12,0,375.12,Loja Física
667,2024-10-29,10,15,3,92.42,5,263.41,Representante
668,2023-07-27,2,46,4,284.31,10,1023.51,Representante
669,2022-09-01,9,39,2,44.72,0,89.45,Online
670,2024-03-17,3,20,5,639.46,0,3197.28,Loja Física
671,2024-01-19,10,37,6,81.02,0,486.12,Online
672,2024-11-08,10,25,3,83.76,5,238.71,Representante
673,2022-03-24,7,15,3,359.66,0,1078.99,Online
674,2022-10-08,1,33,1,4177.08,15,3550.52,Loja Física
675,2024-08-28,6,10,3,409.01,10,1104.32,Loja Física
676,2022-11-02,8,47,6,530.05,10,2862.29,Representante
677,2022-10-14,7,18,2,389.64,0,779.27,Representante
678,2023-10-15,3,44,6,667.04,0,4002.22,Loja Física
679,2023-09-05,4,1,3,1143.79,10,3088.23,Loja Física
680,2024-11-04,9,39,4,41.71,10,150.15,Representante
681,2024-09-30,7,33,1,388.36,15,330.1,Representante
682,2023-09-06,10,2,7,90.04,5,598.75,Online
683,2024-01-25,3,23,1,570.69,0,570.69,Representante
684,2022-08-13,7,44,4,405.46,5,1540.76,Representante
685,2023-09-23,7,15,1,364.71,15,310.0,Representante
686,2022-02-24,10,24,1,88.25,10,79.42,Loja Física
687,2023-06-28,1,34,4,4362.86,15,14833.73,Representante
688,2023-04-12,1,10,4,4855.28,15,16507.95,Online
689,2024-09-10,10,45,1,92.24,0,92.24,Representante
690,2024-02-18,6,40,4,385.73,0,1542.92,Representante
691,2023-05-12,8,24,1,560.46,0,560.46,Representante
692,2022-08-14,6,39,5,419.61,0,2098.04,Online
693,2024-06-22,6,15,4,414.57,0,1658.27,Loja Física
694,2022-11-07,8,24,8,551.73,5,4193.16,Representante
695,2023-02-22,1,18,1,4188.9,5,3979.46,Representante
696,2024-08-23,2,19,3,266.2,15,678.81,Representante
697,2022-05-08,4,43,4,1174.18,15,3992.2,Online
698,2024-11-28,9,22,6,49.12,0,294.7,Representante
699,2023-10-28,2,49,5,286.65,15,1218.27,Loja Física
700,2024-12-12,7,20,7,323.97,5,2154.43,Loja Física
701,2022-12-21,2,30,2,274.84,5,522.2,Representante
702,2023-12-03,5,21,10,369.29,10,3323.65,Loja Física
703,2023-06-26,3,23,4,604.31,10,2175.52,Loja Física
704,2023-01-29,5,17,2,339.21,0,678.41,Loja Física
705,2023-09-04,10,47,2,94.81,0,189.63,Loja Física
706,2023-08-15,3,26,1,670.07,15,569.56,Online
707,2024-09-28,7,9,6,334.57,0,2007.39,Loja Física
708,2023-12-16,9,19,7,44.06,10,277.59,Representante
709,2023-07-15,4,14,6,1096.19,0,6577.11,Online
710,2024-02-17,1,29,1,4378.06,5,4159.16,Loja Física
711,2022-10-27,7,24,2,362.96,0,725.92,Online
712,2023-08-13,3,24,3,581.55,15,1482.95,Online
713,2023-12-11,5,34,5,311.3,5,1478.69,Representante
714,2023-06-10,4,45,6,1240.01,15,6324.04,Loja Física
715,2023-03-15,3,13,4,637.68,0,2550.72,Representante
716,2023-07-10,10,48,4,93.94,10,338.2,Representante
717,2023-07-11,2,21,3,247.18,0,741.55,Online
718,2023-05-06,7,43,2,407.49,0,814.98,Online
719,2024-12-23,3,33,5,679.39,0,3396.95,Representante
720,2023-04-22,9,35,1,42.33,0,42.33,Online
721,2024-04-26,4,7,1,1105.4,0,1105.4,Representante
722,2024-08-25,8,24,1,479.12,0,479.12,Representante
723,2022-10-09,1,31,3,4593.15,0,13779.44,Representante
724,2022-11-20,9,18,4,42.49,5,161.47,Representante
725,2024-09-01,10,20,2,79.21,5,150.49,Representante
726,2023-02-13,5,12,2,298.28,0,596.57,Loja Física
727,2023-08-08,7,32,4,346.16,15,1176.93,Online
728,2022-07-03,1,35,5,4148.73,15,17632.09,Representante
729,2023-04-21,7,29,2,407.16,10,732.88,Representante
730,2022-03-18,3,41,1,693.1,0,693.1,Loja Física
731,2022-12-27,5,44,7,326.41,0,2284.86,Loja Física
732,2024-10-11,1,31,1,4521.59,0,4521.59,Representante
733,2023-08-16,9,50,3,44.62,0,133.85,Online
734,2023-09-04,4,19,4,1191.77,10,4290.36,Representante
735,2022-08-08,10,1,6,97.8,0,586.81,Loja Física
736,2024-07-19,8,27,5,536.49,15,2280.07,Representante
737,2024-12-09,8,31,3,551.68,5,1572.29,Online
738,2024-10-29,6,29,1,431.65,5,410.07,Loja Física
739,2023-01-30,1,24,2,4611.98,0,9223.97,Loja Física
740,2022-11-29,1,40,1,4448.21,15,3780.98,Loja Física
741,2023-06-11,4,7,5,1253.9,15,5329.06,Online
742,2022-01-29,9,32,4,48.68,15,165.5,Loja Física
743,2023-08-28,8,24,3,550.19,10,1485.52,Representante
744,2023-01-31,5,26,1,324.91,0,324.91,Representante
745,2024-04-10,10,20,1,89.7,5,85.22,Representante
746,2023-11-03,1,36,7,4349.45,0,30446.14,Loja Física
747,2022-07-15,5,1,4,346.32,0,1385.27,Online
748,2024-09-04,10,48,3,83.56,0,250.67,Online
749,2022-01-14,3,6,1,654.25,0,654.25,Loja Física
750,2023-04-28,5,24,8,323.8,5,2460.9,Loja Física
751,2023-11-07,10,26,4,98.19,0,392.77,Representante
752,2022-01-24,2,40,6,300.79,0,1804.76,Representante
753,2024-01-07,8,2,2,505.54,15,859.42,Online
754,2022-05-08,10,1,1,90.69,15,77.08,Online
755,2024-08-11,8,24,2,451.36,0,902.71,Online
756,2024-04-10,5,7,3,355.85,15,907.43,Representante
757,2023-09-29,2,38,3,299.21,15,762.99,Online
758,2023-08-28,6,45,3,410.94,0,1232.83,Representante
759,2023-03-29,10,21,3,80.91,0,242.72,Online
760,2024-09-06,10,16,5,79.77,0,398.85,Loja Física
761,2024-02-05,9,43,1,41.75,5,39.66,Representante
762,2024-08-22,9,45,1,42.98,10,38.68,Representante
763,2023-03-24,1,35,2,4201.24,0,8402.47,Representante
764,2022-06-17,6,14,3,376.84,10,1017.47,Loja Física
765,2024-12-17,1,25,4,3876.85,15,13181.27,Loja Física
766,2022-06-09,8,6,4,531.49,10,1913.36,Online
767,2022-05-07,8,37,5,455.27,10,2048.74,Representante
768,2023-02-19,9,50,2,47.27,10,85.09,Representante
769,2022-11-03,1,5,7,4712.8,0,32989.57,Loja Física
770,2024-12-01,9,36,8,45.44,5,345.35,Online
771,2023-02-25,8,47,6,490.99,15,2504.04,Representante
772,2024-09-28,4,9,3,1067.6,0,3202.8,Representante
773,2024-07-01,5,5,4,368.16,0,1472.66,Loja Física
774,2022-09-28,5,15,1,361.02,10,324.91,Loja Física
775,2024-07-24,7,29,5,359.27,10,1616.71,Online
776,2024-08-04,2,36,1,287.79,15,244.62,Loja Física
777,2022-02-14,8,37,2,552.82,5,1050.35,Loja Física
778,2022-01-07,6,42,1,379.52,15,322.59,Online
779,2022-05-30,7,43,4,382.48,0,1529.92,Loja Física
780,2023-12-07,5,20,14,317.86,15,3782.52,Online
781,2022-05-04,9,19,5,49.11,0,245.53,Loja Física
782,2022-03-06,1,1,4,4163.14,0,16652.56,Loja Física
783,2023-01-04,8,43,1,536.95,0,536.95,Representante
784,2024-05-10,9,25,4,44.05,0,176.22,Loja Física
785,2024-07-07,1,44,5,3905.11,5,18549.25,Loja Física
786,2022-06-14,3,12,1,694.49,15,590.31,Representante
787,2022-09-30,6,43,1,454.67,15,386.47,Loja Física
788,2022-08-31,7,42,3,361.21,0,1083.64,Representante
789,2024-03-15,9,27,3,41.65,10,112.45,Online
790,2023-04-02,1,18,2,4640.82,0,9281.64,Online
791,2023-09-04,6,10,5,431.93,5,2051.66,Representante
792,2024-05-18,10,14,6,83.6,10,451.42,Loja Física
793,2023-04-16,1,14,7,4349.05,0,30443.35,Loja Física
794,2023-12-10,5,10,4,311.49,0,1245.95,Loja Física
795,2023-01-22,4,44,2,1128.4,15,1918.28,Online
796,2022-03-07,7,12,3,342.67,15,873.81,Loja Física
797,2022-02-02,1,45,2,4225.64,0,8451.29,Online
798,2022-05-18,9,33,5,48.84,0,244.21,Representante
799,2022-03-10,4,3,3,1028.23,5,2930.45,Representante
800,2022-04-10,3,13,4,628.03,0,2512.1,Representante
801,2022-04-01,3,18,5,698.68,5,3318.74,Loja Física
802,2023-04-25,10,49,7,96.08,10,605.33,Online
803,2022-04-26,3,45,5,689.82,0,3449.08,Representante
804,2023-08-16,7,50,4,400.31,0,1601.26,Representante
805,2023-10-16,2,10,5,272.57,10,1226.56,Representante
806,2023-10-19,8,50,1,504.84,0,504.84,Loja Física
807,2022-10-21,3,41,1,616.53,15,524.05,Representante
808,2023-03-29,3,12,4,643.09,5,2443.75,Loja Física
809,2023-07-18,10,31,4,83.84,0,335.36,Representante
810,2022-12-25,9,15,10,47.85,15,406.73,Representante
811,2024-05-24,9,4,2,40.0,10,71.99,Loja Física
812,2022-04-07,5,44,4,314.74,0,1258.98,Representante
813,2024-02-20,2,38,5,285.22,10,1283.49,Loja Física
814,2024-05-02,6,36,4,414.7,5,1575.86,Online
815,2023-09-07,9,30,7,41.79,5,277.91,Online
816,2024-08-27,10,9,5,87.32,0,436.62,Online
817,2023-09-08,7,37,3,370.47,15,944.7,Online
818,2024-08-06,2,36,5,248.14,0,1240.69,Representante
819,2024-04-25,2,14,5,296.13,5,1406.6,Representante
820,2024-12-21,5,28,4,334.71,0,1338.84,Loja Física
821,2023-05-13,8,17,3,472.47,0,1417.4,Online
822,2023-11-08,6,49,4,418.4,15,1422.57,Online
823,2024-07-10,2,12,6,247.24,0,1483.46,Online
824,2023-01-26,9,43,4,43.61,0,174.43,Loja Física
825,2024-02-12,1,32,5,3872.19,15,16456.8,Representante
826,2022-03-22,1,48,3,4298.33,0,12894.99,Online
827,2023-03-21,6,45,1,404.28,5,384.07,Online
828,2023-11-13,7,10,9,369.94,0,3329.46,Online
829,2023-03-10,9,16,2,45.4,0,90.81,Representante
830,2022-08-29,3,2,4,624.29,15,2122.59,Loja Física
831,2023-05-12,4,4,2,1202.12,15,2043.61,Representante
832,2023-02-23,9,1,4,42.39,5,161.07,Online
833,2023-10-21,2,27,1,303.82,0,303.82,Loja Física
834,2024-08-12,7,17,6,388.98,10,2100.47,Representante
835,2024-01-06,2,40,3,278.55,0,835.66,Loja Física
836,2024-01-07,2,43,3,264.32,10,713.67,Loja Física
837,2024-08-12,9,18,2,47.2,0,94.4,Representante
838,2024-08-19,4,32,4,1251.19,0,5004.78,Online
839,2024-01-30,8,33,4,505.49,0,2021.94,Loja Física
840,2022-04-04,2,20,1,302.15,10,271.93,Online
841,2022-10-26,3,20,2,633.53,0,1267.06,Loja Física
842,2024-05-05,8,49,2,528.32,0,1056.64,Online
843,2023-02-06,8,12,4,550.11,0,2200.43,Online
844,2024-02-17,3,48,3,681.9,10,1841.12,Online
845,2024-10-19,3,27,6,616.1,10,3326.93,Representante
846,2023-11-23,10,33,3,83.7,0,251.11,Loja Física
847,2024-10-01,3,3,1,594.88,5,565.13,Online
848,2023-12-23,6,24,4,434.09,0,1736.34,Online
849,2024-09-27,5,43,2,340.95,0,681.89,Representante
850,2022-05-01,4,2,3,1136.09,10,3067.45,Online
851,2022-06-02,2,25,4,272.44,15,926.3,Online
852,2022-01-14,8,29,2,538.64,5,1023.42,Online
853,2023-04-19,5,17,4,358.63,0,1434.54,Representante
854,2022-11-06,8,18,5,548.34,0,2741.71,Online
855,2024-11-01,8,19,6,560.91,5,3197.18,Loja Física
856,2022-05-04,1,43,1,4564.96,10,4108.46,Representante
857,2024-09-16,4,9,3,1296.49,15,3306.06,Loja Física
858,2022-02-02,5,15,1,302.95,0,302.95,Representante
859,2024-04-22,10,27,8,93.31,0,746.45,Online
860,2024-12-20,7,31,9,414.73,15,3172.72,Loja Física
861,2023-08-11,9,11,2,48.93,0,97.87,Representante
862,2024-05-31,8,11,4,527.19,0,2108.77,Online
863,2022-07-17,9,9,7,48.49,10,305.49,Online
864,2023-05-09,5,16,7,332.91,0,2330.34,Representante
865,2024-12-14,3,45,12,588.77,0,7065.25,Loja Física
866,2023-07-02,4,30,6,1276.46,5,7275.83,Online
867,2024-02-04,9,31,2,42.24,5,80.25,Loja Física
868,2023-05-14,1,41,3,4162.18,15,10613.55,Online
869,2023-09-07,9,15,4,48.55,15,165.09,Online
870,2022-03-06,1,32,4,4075.79,0,16303.17,Loja Física
871,2024-02-16,7,31,6,358.59,5,2043.95,Representante
872,2024-09-01,10,23,5,82.41,0,412.03,Representante
873,2022-01-20,2,47,2,289.61,15,492.34,Online
874,2022-06-19,7,48,3,353.02,5,1006.1,Loja Física
875,2023-11-10,1,40,6,4084.15,10,22054.4,Online
876,2024-12-17,6,5,10,425.35,0,4253.52,Online
877,2023-03-09,2,41,2,246.24,15,418.61,Representante
878,2024-08-31,9,10,1,41.26,0,41.26,Online
879,2022-06-02,7,4,4,365.79,15,1243.68,Loja Física
880,2022-03-09,1,45,1,4064.89,0,4064.89,Loja Física
881,2022-02-02,1,48,3,4433.38,0,13300.14,Representante
882,2022-10-23,7,25,3,397.41,15,1013.41,Loja Física
883,2022-06-07,6,26,3,438.24,0,1314.71,Online
884,2023-05-08,8,42,5,483.89,10,2177.5,Loja Física
885,2023-11-11,10,5,5,96.07,5,456.34,Representante
886,2022-10-14,6,13,3,437.9,15,1116.65,Representante
887,2022-06-10,7,25,4,353.91,10,1274.07,Representante
888,2023-12-10,1,7,10,3832.85,0,38328.48,Online
889,2024-06-14,7,41,4,362.36,0,1449.45,Online
890,2023-11-29,9,14,6,39.26,10,212.01,Representante
891,2024-03-23,6,20,3,443.29,0,1329.88,Online
892,2023-07-14,10,11,5,77.2,5,366.71,Loja Física
893,2023-04-13,7,49,4,336.57,0,1346.27,Representante
894,2024-02-08,2,8,1,292.53,5,277.9,Online
895,2024-02-18,1,22,4,3889.19,0,15556.76,Representante
896,2023-08-28,6,31,4,414.31,0,1657.25,Representante
897,2022-05-31,8,5,1,479.7,0,479.7,Loja Física
898,2022-11-12,6,40,4,437.04,5,1660.76,Representante
899,2022-11-12,5,7,4,329.46,15,1120.15,Loja Física
900,2023-10-11,4,3,2,1131.63,0,2263.25,Online
901,2022-07-07,3,12,4,611.72,0,2446.88,Loja Física
902,2024-06-29,8,3,8,499.4,0,3995.17,Loja Física
903,2022-07-29,6,12,7,455.64,0,3189.47,Online
904,2023-01-19,7,24,1,375.36,5,356.6,Loja Física
905,2024-11-15,6,7,5,385.28,5,1830.07,Online
906,2022-02-23,1,1,2,4799.38,0,9598.76,Loja Física
907,2022-07-10,5,10,3,344.96,10,931.4,Representante
908,2023-10-27,4,20,1,1234.41,5,1172.69,Online
909,2023-08-21,6,39,4,416.04,5,1580.95,Loja Física
910,2022-06-23,2,42,4,281.14,15,955.89,Representante
911,2023-05-13,9,17,1,41.88,10,37.69,Representante
912,2022-12-14,10,28,14,92.99,15,1106.56,Loja Física
913,2022-12-14,1,34,5,4850.52,0,24252.61,Loja Física
914,2023-09-09,3,5,7,706.67,0,4946.71,Loja Física
915,2022-10-26,7,1,4,414.23,0,1656.91,Online
916,2024-06-09,6,15,6,366.3,0,2197.82,Loja Física
917,2023-09-06,5,27,3,309.32,5,881.56,Online
918,2024-01-10,10,27,1,98.53,0,98.53,Online
919,2024-10-12,8,23,8,503.92,10,3628.24,Representante
920,2023-02-05,6,33,2,437.38,5,831.02,Online
921,2022-10-05,10,50,1,83.6,0,83.6,Online
922,2024-03-21,3,24,3,573.54,0,1720.61,Representante
923,2024-02-18,8,20,6,511.36,0,3068.15,Loja Física
924,2023-11-17,5,38,5,375.6,5,1784.1,Representante
925,2022-10-06,9,45,1,46.15,0,46.15,Loja Física
926,2023-02-16,7,44,3,400.56,5,1141.6,Loja Física
927,2022-12-30,9,43,5,38.41,5,182.45,Loja Física
928,2023-08-20,3,38,4,631.71,15,2147.81,Representante
929,2024-10-02,4,3,7,1058.32,10,6667.41,Online
930,2023-10-30,1,29,1,4180.98,5,3971.93,Loja Física
931,2024-03-15,7,22,5,376.91,0,1884.53,Online
932,2023-02-14,4,15,6,1030.72,10,5565.87,Representante
933,2023-01-04,8,14,1,479.63,15,407.68,Representante
934,2022-02-25,3,50,1,607.52,15,516.4,Loja Física
935,2023-03-06,2,38,3,307.46,5,876.27,Loja Física
936,2022-05-22,5,7,6,384.81,5,2193.42,Representante
937,2024-10-19,10,50,5,89.23,0,446.13,Representante
938,2023-09-13,10,18,1,92.7,0,92.7,Loja Física
939,2022-11-12,1,26,4,4492.77,15,15275.43,Loja Física
940,2024-02-12,8,37,1,557.5,0,557.5,Loja Física
941,2024-09-08,5,40,3,341.89,10,923.09,Loja Física
942,2024-12-30,2,7,3,254.05,10,685.94,Representante
943,2024-05-06,1,26,1,4444.58,10,4000.12,Online
944,2024-01-07,4,8,2,1120.1,15,1904.17,Representante
945,2022-06-24,4,22,1,1234.66,0,1234.66,Online
946,2023-12-29,2,46,7,280.83,0,1965.83,Representante
947,2022-04-01,4,42,4,1273.75,10,4585.48,Representante
948,2024-03-29,5,15,3,330.68,0,992.03,Loja Física
949,2022-08-05,1,6,2,4809.35,0,9618.7,Online
950,2023-06-14,1,44,3,4148.94,0,12446.82,Representante
951,2024-11-28,5,14,12,380.24,10,4106.63,Representante
952,2023-03-29,9,28,4,46.02,5,174.89,Loja Física
953,2024-03-12,4,45,3,1090.46,5,3107.82,Representante
954,2024-10-21,10,7,2,95.2,0,190.41,Loja Física
955,2022-02-20,3,11,2,698.79,5,1327.7,Online
956,2023-08-29,2,3,6,307.71,5,1753.98,Online
957,2022-08-26,8,21,4,522.49,15,1776.46,Online
958,2023-12-15,2,38,4,241.33,0,965.3,Loja Física
959,2024-07-21,10,49,2,90.98,0,181.95,Representante
960,2024-09-16,7,12,2,354.87,0,709.75,Loja Física
961,2022-07-19,10,41,7,95.65,5,636.04,Representante
962,2024-07-15,4,8,13,1071.34,0,13927.39,Online
963,2023-09-07,8,22,3,499.96,0,1499.88,Representante
964,2022-08-24,6,47,1,366.74,0,366.74,Loja Física
965,2022-08-12,6,40,4,425.65,15,1447.19,Online
966,2023-05-15,5,43,6,351.97,10,1900.62,Online
967,2022-11-24,4,32,2,1036.05,0,2072.09,Representante
968,2024-05-23,7,41,5,349.54,5,1660.29,Online
969,2024-04-09,9,21,1,42.54,15,36.16,Online
970,2023-01-17,2,8,1,255.11,15,216.85,Representante
971,2024-06-04,3,26,8,653.94,5,4969.97,Online
972,2023-02-09,2,6,3,242.09,5,689.96,Representante
973,2024-05-29,2,17,1,265.8,5,252.51,Online
974,2023-03-16,2,25,5,264.06,0,1320.32,Loja Física
975,2022-05-09,3,15,3,685.22,10,1850.09,Online
976,2023-01-18,10,32,2,88.6,0,177.19,Loja Física
977,2023-02-08,6,45,2,429.34,5,815.75,Online
978,2023-06-22,2,37,4,305.08,15,1037.29,Loja Física
979,2024-12-16,6,30,5,412.4,15,1752.69,Loja Física
980,2024-03-06,7,27,4,393.35,10,1416.04,Loja Física
981,2022-08-22,7,17,7,387.85,0,2714.93,Loja Física
982,2024-07-26,4,26,4,1297.44,10,4670.77,Online
983,2023-09-02,5,29,2,337.85,10,608.13,Representante
984,2022-06-23,2,4,1,248.4,15,211.14,Online
985,2023-10-04,9,19,1,38.46,0,38.46,Online
986,2023-09-18,10,28,2,86.82,0,173.63,Online
987,2024-02-04,2,22,3,282.9,15,721.41,Online
988,2024-11-12,4,21,8,1095.66,5,8327.01,Loja Física
989,2022-10-10,4,46,3,1153.32,10,3113.95,Loja Física
990,2024-05-16,8,18,4,518.2,0,2072.82,Loja Física
991,2022-12-21,5,48,8,357.77,10,2575.94,Online
992,2024-09-29,3,44,2,656.52,0,1313.03,Online
993,2023-01-19,8,7,3,542.69,0,1628.07,Loja Física
994,2022-04-20,3,21,2,674.54,0,1349.08,Online
995,2024-09-19,6,24,6,443.9,0,2663.4,Online
996,2024-02-26,7,50,3,359.57,10,970.84,Representante
997,2024-10-10,2,14,10,287.96,5,2735.66,Representante
998,2024-10-04,3,24,8,661.61,5,5028.22,Representante
999,2024-06-28,6,32,4,410.44,5,1559.66,Online
1000,2022-06-19,7,40,4,353.7,10,1273.33,Online
1001,2023-03-28,3,21,7,617.03,0,4319.18,Online
1002,2023-07-17,9,46,1,38.81,0,38.81,Representante
1003,2023-08-15,1,41,1,4870.01,0,4870.01,Loja Física
1004,2024-10-11,10,1,1,96.37,10,86.74,Representante
1005,2022-08-20,1,44,5,4385.69,10,19735.6,Online
1006,2023-07-03,7,24,2,365.37,10,657.66,Loja Física
1007,2022-03-27,4,38,6,1101.94,15,5619.92,Loja Física
1008,2023-03-24,2,5,3,290.19,5,827.03,Online
1009,2023-05-22,6,50,2,447.83,0,895.67,Online
1010,2024-07-10,6,49,4,365.89,0,1463.54,Loja Física
1011,2022-06-28,3,39,1,619.35,5,588.39,Online
1012,2023-05-01,8,2,2,550.1,0,1100.2,Representante
1013,2023-12-20,2,40,6,253.41,15,1292.41,Representante
1014,2024-05-26,8,37,5,537.7,0,2688.52,Representante
1015,2022-10-13,6,44,2,378.37,0,756.74,Online
1016,2022-05-02,4,21,1,1129.86,10,1016.88,Loja Física
1017,2024-12-26,2,6,7,291.98,0,2043.87,Representante
1018,2022-12-11,5,39,4,297.98,0,1191.93,Representante
1019,2023-08-23,2,4,1,262.39,0,262.39,Representante
1020,2023-07-02,4,23,5,1297.95,10,5840.79,Representante
1021,2022-07-15,2,15,4,267.62,0,1070.46,Loja Física
1022,2022-05-02,10,5,5,86.89,0,434.43,Representante
1023,2022-09-17,7,8,3,392.69,15,1001.35,Online
1024,2023-05-27,6,37,2,378.61,0,757.21,Representante
1025,2023-10-22,2,49,5,284.69,0,1423.47,Representante
1026,2024-03-15,1,2,9,3952.18,5,33791.11,Online
1027,2023-07-05,2,42,3,277.15,15,706.72,Loja Física
1028,2024-02-08,9,47,6,40.84,5,232.81,Online
1029,2022-07-10,9,20,1,49.03,5,46.58,Representante
1030,2023-07-24,6,21,1,413.44,15,351.42,Loja Física
1031,2024-07-20,1,9,1,4115.97,5,3910.17,Loja Física
1032,2022-01-06,2,34,3,304.94,15,777.59,Online
1033,2024-07-27,5,46,5,381.48,15,1621.29,Representante
1034,2024-01-04,3,41,3,555.69,0,1667.08,Representante
1035,2024-03-25,10,11,5,90.5,0,452.52,Loja Física
1036,2023-03-10,3,24,7,617.53,5,4106.56,Loja Física
1037,2023-10-24,2,26,4,250.73,0,1002.91,Loja Física
1038,2022-09-25,3,25,7,701.72,10,4420.81,Loja Física
1039,2023-12-05,4,15,5,1225.45,15,5208.17,Online
1040,2022-04-05,3,18,2,692.15,0,1384.31,Representante
1041,2024-07-30,10,3,6,89.51,0,537.07,Online
1042,2022-11-20,2,42,5,302.8,5,1438.3,Loja Física
1043,2022-01-02,5,41,2,369.9,5,702.8,Online
1044,2022-09-28,1,33,5,4244.09,15,18037.37,Loja Física
1045,2022-11-22,8,48,5,558.06,0,2790.32,Online
1046,2024-01-09,9,8,4,46.34,0,185.37,Online
1047,2024-02-01,10,7,1,76.58,15,65.09,Representante
1048,2022-12-05,7,50,4,377.18,0,1508.72,Loja Física
1049,2023-09-18,5,3,6,325.5,15,1660.05,Representante
1050,2023-04-25,4,46,1,1242.09,5,1179.99,Representante
1051,2022-07-06,6,46,5,374.2,15,1590.36,Online
1052,2022-01-03,2,26,1,284.68,0,284.68,Loja Física
1053,2022-06-09,7,41,1,362.16,0,362.16,Representante
1054,2023-04-09,6,8,4,374.06,10,1346.62,Representante
1055,2024-06-30,3,7,6,564.39,0,3386.37,Online
1056,2023-12-05,9,41,9,39.74,0,357.66,Loja Física
1057,2022-09-28,1,21,2,3877.38,5,7367.03,Online
1058,2023-04-14,1,8,3,4587.47,5,13074.28,Online
1059,2022-07-29,8,21,2,477.07,0,954.14,Loja Física
1060,2024-01-23,3,14,1,641.04,0,641.04,Online
1061,2024-02-23,8,44,2,474.22,0,948.43,Representante
1062,2022-10-20,8,14,1,541.85,0,541.85,Representante
1063,2022-01-18,1,30,4,4765.21,10,17154.76,Representante
1064,2022-12-03,6,13,9,358.35,5,3063.93,Loja Física
1065,2023-03-13,3,20,6,697.01,15,3554.76,Representante
1066,2022-11-07,4,3,4,1191.78,5,4528.75,Representante
1067,2024-06-25,10,19,3,83.02,0,249.05,Online
1068,2022-07-25,1,29,4,4633.34,0,18533.38,Online
1069,2024-02-26,1,23,5,4052.67,0,20263.37,Loja Física
1070,2023-10-07,8,27,2,562.28,0,1124.56,Online
1071,2023-07-22,3,47,2,599.79,15,1019.64,Online
1072,2023-05-24,6,37,1,431.55,10,388.4,Representante
1073,2023-08-07,9,49,4,40.27,15,136.92,Online
1074,2023-09-10,2,40,3,255.69,0,767.08,Representante
1075,2024-11-09,4,7,5,1304.23,0,6521.14,Representante
1076,2024-03-13,2,39,4,249.73,0,998.91,Representante
1077,2022-04-22,3,43,4,710.49,0,2841.95,Loja Física
1078,2024-03-01,4,40,5,1257.88,0,6289.4,Online
1079,2024-10-20,2,30,1,258.05,15,219.34,Representante
1080,2022-05-26,3,2,4,640.2,10,2304.72,Online
1081,2024-01-10,2,5,3,270.08,0,810.25,Online
1082,2024-03-03,9,4,4,44.31,10,159.51,Loja Física
1083,2024-01-19,5,36,1,377.34,10,339.61,Representante
1084,2022-12-20,8,15,3,499.67,5,1424.05,Online
1085,2022-02-04,8,40,2,472.88,10,851.18,Online
1086,2022-01-29,3,45,3,693.92,0,2081.76,Online
1087,2022-03-23,7,10,1,413.58,0,413.58,Loja Física
1088,2024-11-03,1,28,5,3982.36,0,19911.82,Representante
1089,2024-10-23,7,28,4,342.77,5,1302.53,Loja Física
1090,2024-04-03,6,3,4,377.31,0,1509.24,Representante
1091,2022-11-09,5,49,5,337.82,0,1689.08,Online
1092,2023-09-27,4,26,2,1156.01,0,2312.02,Representante
1093,2023-02-21,2,26,1,280.45,0,280.45,Representante
1094,2023-11-01,9,31,8,47.95,5,364.45,Representante
1095,2022-05-16,4,6,5,1066.32,0,5331.62,Representante
1096,2024-06-14,6,12,2,395.91,15,673.05,Online
1097,2022-04-29,6,12,4,441.09,0,1764.37,Online
1098,2024-06-08,1,6,7,4224.55,0,29571.83,Loja Física
1099,2022-04-23,7,32,4,404.2,0,1616.78,Representante
1100,2022-12-26,5,12,7,380.02,0,2660.12,Online
1101,2022-10-09,10,32,5,77.74,15,330.39,Online
1102,2022-12-02,5,10,9,320.24,5,2738.04,Loja Física
1103,2024-12-07,8,41,11,551.8,10,5462.83,Representante
1104,2023-06-15,1,10,4,3867.42,0,15469.68,Loja Física
1105,2022-09-17,9,38,2,45.49,15,77.33,Loja Física
1106,2022-08-30,9,30,4,44.3,0,177.2,Loja Física
1107,2024-05-29,4,13,2,1076.02,0,2152.05,Representante
1108,2022-05-11,6,37,4,366.86,0,1467.46,Representante
1109,2022-06-07,1,20,4,3879.48,5,14742.01,Loja Física
1110,2024-11-12,2,34,6,287.0,0,1722.02,Online
1111,2024-10-20,7,42,5,335.73,10,1510.8,Online
1112,2024-01-24,1,16,3,4760.77,0,14282.31,Loja Física
1113,2022-07-30,7,25,2,345.5,10,621.9,Representante
1114,2022-08-25,3,34,5,582.93,0,2914.66,Representante
1115,2024-11-08,2,33,6,287.53,0,1725.18,Online
1116,2022-01-26,4,36,1,1113.23,0,1113.23,Online
1117,2024-08-24,3,47,6,642.84,0,3857.05,Loja Física
1118,2022-11-04,9,26,7,44.36,0,310.51,Online
1119,2024-05-08,3,50,2,598.67,0,1197.35,Loja Física
1120,2023-05-24,9,28,3,43.71,5,124.58,Representante
1121,2023-10-18,1,35,5,3928.53,0,19642.66,Online
1122,2024-02-03,1,8,3,3943.72,0,11831.15,Representante
1123,2022-04-18,1,21,6,4370.76,0,26224.54,Online
1124,2024-11-22,9,33,9,39.42,0,354.78,Loja Física
1125,2022-05-22,6,3,1,450.68,5,428.15,Loja Física
1126,2023-09-29,5,7,2,373.47,0,746.94,Online
1127,2024-07-24,2,9,6,246.57,0,1479.41,Loja Física
1128,2023-02-15,2,31,1,303.78,0,303.78,Representante
1129,2023-09-15,5,44,3,341.07,15,869.74,Representante
1130,2023-05-12,1,15,4,4633.04,5,17605.55,Loja Física
1131,2024-10-07,6,50,2,396.58,0,793.16,Representante
1132,2023-05-18,8,5,2,485.63,0,971.25,Online
1133,2024-04-19,5,39,4,324.22,0,1296.87,Online
1134,2023-12-11,3,45,9,704.09,15,5386.33,Representante
1135,2022-01-20,3,46,1,621.04,0,621.04,Online
1136,2024-02-10,9,47,7,38.64,15,229.88,Representante
1137,2023-09-22,8,13,4,541.61,0,2166.42,Online
1138,2024-12-21,9,23,8,45.12,0,360.96,Loja Física
1139,2024-10-04,1,20,1,4269.17,0,4269.17,Online
1140,2023-07-28,9,41,2,45.19,0,90.37,Online
1141,2023-04-20,7,12,1,379.03,10,341.13,Loja Física
1142,2024-02-02,4,12,3,1043.26,5,2973.3,Representante
1143,2022-06-23,3,6,4,648.78,10,2335.62,Online
1144,2024-11-01,5,12,5,302.99,0,1514.95,Representante
1145,2024-03-18,6,29,2,377.93,0,755.86,Representante
1146,2022-05-08,4,11,3,1068.44,5,3045.05,Representante
1147,2022-09-25,1,37,2,4478.91,0,8957.81,Loja Física
1148,2023-06-19,5,48,5,348.6,0,1743.0,Loja Física
1149,2023-10-31,2,21,7,238.92,0,1672.42,Loja Física
1150,2023-07-11,3,46,1,555.09,0,555.09,Online
1151,2023-02-20,9,2,1,46.27,0,46.27,Representante
1152,2022-08-12,3,19,1,606.49,0,606.49,Online
1153,2022-12-03,8,49,3,487.01,5,1387.97,Loja Física
1154,2023-10-06,7,5,3,397.42,5,1132.66,Online
1155,2024-01-04,10,4,4,97.67,0,390.69,Loja Física
1156,2023-09-24,3,18,1,705.98,5,670.68,Loja Física
1157,2022-09-03,4,15,3,1070.53,0,3211.59,Online
1158,2023-09-16,2,5,1,265.94,15,226.05,Representante
1159,2022-03-24,9,34,5,39.02,0,195.1,Loja Física
1160,2022-10-31,5,46,3,297.82,0,893.45,Representante
1161,2023-05-24,9,41,5,44.34,0,221.7,Loja Física
1162,2024-11-17,7,48,7,362.73,0,2539.1,Representante
1163,2023-09-05,6,27,8,390.29,0,3122.31,Online
1164,2022-03-05,2,32,2,281.71,5,535.24,Loja Física
1165,2023-05-27,10,30,4,84.34,0,337.35,Loja Física
1166,2022-07-28,4,39,2,1056.04,0,2112.07,Online
1167,2022-01-25,3,46,3,693.64,0,2080.92,Online
1168,2022-09-25,2,45,1,306.61,0,306.61,Loja Física
1169,2024-02-02,1,1,2,3981.57,15,6768.67,Representante
1170,2022-06-22,2,13,1,276.93,10,249.24,Representante
1171,2023-06-15,10,40,5,98.61,0,493.07,Online
1172,2022-05-13,6,18,4,444.13,0,1776.51,Representante
1173,2024-06-27,6,30,6,415.36,0,2492.17,Online
1174,2023-11-11,3,8,7,686.77,0,4807.36,Online
1175,2024-08-02,2,28,3,301.23,0,903.68,Online
1176,2024-06-06,2,7,7,246.19,15,1464.82,Loja Física
1177,2024-10-13,7,26,7,326.27,0,2283.91,Loja Física
1178,2024-05-23,7,40,5,410.83,0,2054.15,Loja Física
1179,2023-03-16,1,18,2,4160.76,0,8321.52,Loja Física
1180,2023-07-28,8,28,8,466.97,5,3548.97,Online
1181,2022-03-12,3,31,4,703.55,10,2532.79,Representante
1182,2023-05-19,1,12,3,4030.22,15,10277.05,Loja Física
1183,2024-10-18,5,17,5,336.5,5,1598.36,Representante
1184,2024-09-08,5,38,2,353.98,0,707.97,Online
1185,2023-07-27,3,2,3,700.41,5,1996.16,Online
1186,2024-05-08,2,20,2,293.73,0,587.45,Representante
1187,2024-12-12,5,19,4,311.07,0,1244.27,Representante
1188,2022-02-09,1,5,2,4447.62,5,8450.49,Representante
1189,2024-01-06,8,41,1,464.1,5,440.89,Representante
1190,2024-09-19,4,33,5,1162.77,0,5813.83,Representante
1191,2024-10-25,10,19,3,90.92,0,272.76,Loja Física
1192,2023-07-08,2,3,8,261.18,0,2089.44,Online
1193,2023-10-16,8,32,6,533.56,10,2881.2,Online
1194,2022-03-02,3,11,2,632.82,0,1265.63,Online
1195,2024-08-24,9,42,8,41.67,10,300.04,Loja Física
1196,2023-04-22,2,28,2,277.34,0,554.69,Online
1197,2023-05-23,10,43,3,76.67,15,195.51,Online
1198,2023-06-30,3,12,5,608.31,10,2737.41,Representante
1199,2022-04-25,5,24,5,341.9,0,1709.49,Representante
1200,2024-03-06,3,50,7,594.08,0,4158.59,Online
1201,2022-12-27,9,22,8,47.42,0,379.37,Representante
1202,2023-10-14,4,17,6,1318.94,15,6726.58,Representante
1203,2024-01-05,1,14,2,4929.02,10,8872.24,Online
1204,2023-12-22,7,12,2,406.87,10,732.37,Representante
1205,2022-10-19,6,22,5,460.42,10,2071.91,Online
1206,2024-10-05,5,36,4,319.99,10,1151.95,Loja Física
1207,2022-12-26,4,24,4,1165.95,5,4430.6,Online
1208,2022-07-04,2,16,3,273.55,0,820.66,Online
1209,2023-03-25,8,22,2,549.63,0,1099.27,Representante
1210,2024-09-05,8,45,4,453.11,0,1812.42,Loja Física
1211,2023-02-17,7,3,2,346.0,0,692.0,Loja Física
1212,2022-12-30,1,46,9,4719.02,0,42471.22,Online
1213,2022-02-14,1,5,3,4892.12,0,14676.36,Representante
1214,2022-10-18,2,42,4,307.04,0,1228.18,Representante
1215,2024-01-18,7,7,6,410.37,0,2462.24,Loja Física
1216,2024-03-21,8,26,2,489.5,10,881.1,Online
1217,2023-11-21,10,24,8,78.67,0,629.34,Loja Física
1218,2022-10-07,8,7,2,549.13,0,1098.26,Representante
1219,2024-06-13,5,40,2,301.56,15,512.65,Loja Física
1220,2023-10-12,3,2,2,648.55,0,1297.1,Representante
1221,2024-01-01,6,34,1,412.27,0,412.27,Representante
1222,2022-12-26,4,50,8,1104.12,5,8391.32,Loja Física
1223,2023-08-27,4,36,6,1211.35,0,7268.12,Online
1224,2022-01-04,5,13,1,367.73,15,312.57,Representante
1225,2024-03-12,4,50,2,1279.44,10,2302.99,Online
1226,2023-01-08,5,13,1,365.96,10,329.36,Loja Física
1227,2023-03-29,8,14,4,525.66,15,1787.26,Representante
1228,2022-08-02,9,9,4,46.55,5,176.91,Online
1229,2023-11-10,4,7,7,1106.63,15,6584.46,Online
1230,2023-05-03,3,1,2,643.17,0,1286.33,Loja Física
1231,2022-12-10,10,17,5,78.7,15,334.46,Online
1232,2023-11-19,5,13,4,329.34,5,1251.48,Online
1233,2023-06-28,3,7,2,605.67,0,1211.33,Online
1234,2022-05-19,5,11,1,365.32,0,365.32,Loja Física
1235,2022-08-10,5,21,2,382.19,15,649.73,Online
1236,2022-04-09,1,46,4,4274.91,5,16244.65,Loja Física
1237,2024-05-09,10,8,3,98.68,0,296.04,Loja Física
1238,2024-10-06,2,8,6,262.3,5,1495.11,Loja Física
1239,2024-02-08,5,33,3,326.51,0,979.52,Loja Física
1240,2023-04-07,1,5,1,4114.11,0,4114.11,Loja Física
1241,2022-05-31,8,32,4,516.95,0,2067.8,Loja Física
1242,2022-02-11,10,10,3,94.31,0,282.94,Loja Física
1243,2022-08-03,1,31,2,3975.98,0,7951.96,Loja Física
1244,2022-12-15,7,49,6,411.05,5,2342.97,Online
1245,2022-06-03,3,37,3,688.71,10,1859.51,Online
1246,2023-11-24,5,20,7,326.69,10,2058.17,Representante
1247,2024-09-15,8,48,1,514.55,15,437.37,Online
1248,2024-06-02,2,13,7,276.1,15,1642.77,Online
1249,2024-06-08,6,15,2,357.84,0,715.68,Online
1250,2022-07-27,3,45,7,598.54,0,4189.75,Online
1251,2023-01-25,10,28,3,78.42,5,223.5,Representante
1252,2023-06-28,4,3,4,1242.06,15,4223.01,Loja Física
1253,2023-09-02,3,39,2,680.68,0,1361.35,Online
1254,2022-04-12,5,23,2,334.35,5,635.27,Representante
1255,2024-10-02,7,4,8,362.58,0,2900.6,Online
1256,2024-01-09,5,46,3,312.81,0,938.43,Loja Física
1257,2022-06-29,1,33,4,4793.59,0,19174.34,Representante
1258,2024-09-10,1,27,2,4890.25,0,9780.49,Online
1259,2022-02-22,3,49,1,673.82,0,673.82,Online
1260,2023-08-21,8,44,1,527.74,0,527.74,Loja Física
1261,2022-08-25,5,21,2,371.91,0,743.81,Loja Física
1262,2024-08-22,6,40,2,391.59,5,744.02,Representante
1263,2023-06-27,1,34,4,3961.95,0,15847.8,Representante
1264,2024-03-04,2,12,3,298.24,0,894.72,Loja Física
1265,2024-02-21,9,22,3,43.52,0,130.57,Online
1266,2024-07-01,6,35,1,417.8,0,417.8,Loja Física
1267,2024-06-19,6,49,10,454.92,5,4321.76,Loja Física
1268,2023-04-09,4,40,3,1037.92,0,3113.77,Representante
1269,2022-05-07,1,23,3,4433.63,0,13300.89,Representante
1270,2022-07-18,2,18,4,263.88,0,1055.52,Representante
1271,2023-12-06,6,3,10,452.83,10,4075.49,Loja Física
1272,2023-04-11,8,29,4,543.27,10,1955.78,Online
1273,2024-03-03,10,19,4,82.74,10,297.86,Loja Física
1274,2024-08-30,7,39,1,370.21,10,333.19,Online
1275,2024-09-02,4,15,3,1172.36,0,3517.07,Online
1276,2024-03-19,1,26,2,4393.77,15,7469.42,Online
1277,2024-10-25,1,44,2,4547.53,10,8185.55,Representante
1278,2022-10-29,5,17,3,374.3,0,1122.91,Loja Física
1279,2022-12-21,9,38,4,38.95,0,155.78,Online
1280,2023-01-30,1,12,3,3917.16,0,11751.48,Online
1281,2024-05-17,6,21,4,441.14,0,1764.56,Representante
1282,2024-06-10,8,26,6,454.97,0,2729.79,Representante
1283,2022-10-30,5,46,6,350.01,10,1890.08,Loja Física
1284,2023-10-17,9,1,3,46.99,15,119.82,Online
1285,2022-06-28,6,29,6,384.06,5,2189.15,Representante
1286,2024-03-24,7,35,2,338.05,10,608.49,Loja Física
1287,2023-07-20,3,50,4,562.76,10,2025.95,Loja Física
1288,2022-01-26,1,8,2,4783.65,15,8132.2,Representante
1289,2024-12-06,9,39,7,45.56,5,302.98,Online
1290,2024-04-28,9,19,3,43.99,0,131.98,Online
1291,2022-07-25,3,3,3,564.8,0,1694.39,Representante
1292,2022-07-26,7,17,4,350.76,0,1403.04,Representante
1293,2023-12-06,6,14,7,399.76,5,2658.39,Loja Física
1294,2024-02-24,3,2,2,564.15,15,959.05,Loja Física
1295,2024-08-26,1,12,1,3925.28,0,3925.28,Online
1296,2023-07-19,9,47,2,46.03,5,87.46,Online
1297,2024-04-02,8,11,6,562.53,0,3375.19,Loja Física
1298,2023-11-10,2,24,9,282.74,15,2162.94,Online
1299,2022-04-11,2,34,1,286.48,15,243.51,Loja Física
1300,2023-07-05,8,33,4,527.69,0,2110.75,Online
1301,2023-11-23,9,22,6,41.57,0,249.45,Loja Física
1302,2023-07-29,8,12,5,546.95,5,2598.0,Representante
1303,2022-07-21,6,44,7,439.55,0,3076.88,Online
1304,2023-09-08,1,27,4,4229.9,15,14381.65,Loja Física
1305,2023-10-20,3,23,2,636.46,0,1272.92,Representante
1306,2024-05-03,8,2,2,552.48,10,994.46,Representante
1307,2022-07-02,3,40,3,562.31,0,1686.93,Loja Física
1308,2023-03-09,6,21,5,379.03,5,1800.4,Representante
1309,2024-09-19,9,13,2,48.05,10,86.49,Loja Física
1310,2022-04-26,4,33,3,1284.95,10,3469.36,Online
1311,2022-05-15,10,40,5,88.45,0,442.27,Representante
1312,2024-11-03,6,23,12,418.7,5,4773.24,Online
1313,2024-12-09,7,14,11,363.25,10,3596.14,Online
1314,2022-12-22,8,46,4,479.39,0,1917.56,Online
1315,2022-04-29,4,18,3,1208.75,0,3626.26,Online
1316,2024-07-23,8,10,4,454.05,0,1816.18,Loja Física
1317,2023-02-12,4,36,1,1196.08,0,1196.08,Loja Física
1318,2024-08-08,5,8,7,365.92,10,2305.27,Loja Física
1319,2022-09-11,5,11,5,381.22,15,1620.16,Online
1320,2023-05-11,7,25,7,372.61,0,2608.29,Loja Física
1321,2024-07-02,7,41,4,387.12,0,1548.48,Loja Física
1322,2023-12-18,8,26,10,527.97,0,5279.72,Online
1323,2023-06-14,10,42,7,90.12,15,536.22,Representante
1324,2022-07-05,1,19,4,4772.66,0,19090.63,Online
1325,2024-03-02,7,37,4,368.02,0,1472.07,Online
1326,2023-03-15,2,24,8,296.05,0,2368.4,Representante
1327,2023-04-07,5,35,3,319.47,15,814.66,Online
1328,2023-07-06,3,38,5,592.58,15,2518.47,Loja Física
1329,2024-11-17,5,47,8,307.94,0,2463.52,Representante
1330,2022-01-19,5,47,1,355.46,5,337.68,Online
1331,2022-12-21,3,1,4,675.1,10,2430.36,Online
1332,2023-04-04,4,26,2,1129.07,0,2258.14,Representante
1333,2023-09-18,7,19,1,409.2,15,347.82,Representante
1334,2023-07-18,3,18,3,634.74,5,1809.02,Loja Física
1335,2023-12-16,8,13,9,479.51,5,4099.84,Loja Física
1336,2023-03-23,5,17,4,373.05,5,1417.58,Loja Física
1337,2024-12-02,4,4,13,1198.14,10,14018.29,Loja Física
1338,2022-07-29,9,33,2,44.03,0,88.05,Representante
1339,2024-02-06,3,3,4,634.0,10,2282.41,Representante
1340,2023-08-02,9,43,1,48.34,0,48.34,Representante
1341,2022-08-10,3,36,4,587.74,5,2233.42,Online
1342,2023-11-20,1,5,5,4221.09,0,21105.44,Representante
1343,2023-10-28,5,13,2,321.48,0,642.96,Loja Física
1344,2023-09-04,5,18,5,321.15,0,1605.73,Online
1345,2024-11-25,1,14,9,4433.21,0,39898.91,Online
1346,2024-04-07,4,30,5,1074.15,15,4565.13,Loja Física
1347,2022-10-14,1,38,5,4258.62,15,18099.12,Online
1348,2024-10-15,9,19,3,45.25,0,135.76,Loja Física
1349,2024-05-07,3,19,3,599.15,5,1707.57,Loja Física
1350,2022-03-14,6,49,3,414.01,10,1117.82,Representante
1351,2023-01-24,10,35,4,84.1,0,336.42,Representante
1352,2023-04-01,7,13,1,331.88,15,282.09,Representante
1353,2024-09-01,5,45,2,348.32,15,592.14,Loja Física
1354,2024-11-04,1,20,7,4118.09,0,28826.66,Online
1355,2023-01-06,9,21,4,38.59,0,154.36,Online
1356,2024-08-22,4,43,3,1120.1,0,3360.31,Representante
1357,2023-06-14,7,36,3,353.4,15,901.18,Representante
1358,2023-01-10,5,43,3,326.38,15,832.28,Loja Física
1359,2022-07-02,4,36,3,1289.29,0,3867.86,Loja Física
1360,2023-04-03,8,5,6,448.94,15,2289.59,Loja Física
1361,2024-05-11,3,10,4,553.19,0,2212.74,Loja Física
1362,2023-06-18,6,39,7,398.02,10,2507.53,Loja Física
1363,2024-08-07,2,37,3,256.82,0,770.45,Loja Física
1364,2022-04-20,2,38,2,300.25,15,510.43,Representante
1365,2022-05-26,1,40,4,4830.02,5,18354.07,Online
1366,2024-10-21,6,1,1,359.25,0,359.25,Representante
1367,2024-02-21,6,28,1,372.54,10,335.29,Loja Física
1368,2024-04-26,2,24,7,269.62,0,1887.33,Online
1369,2022-10-09,10,41,2,90.17,0,180.33,Loja Física
1370,2024-04-18,1,47,2,3847.39,10,6925.31,Loja Física
1371,2022-10-21,10,36,1,79.14,0,79.14,Representante
1372,2023-01-05,7,34,1,334.12,0,334.12,Loja Física
1373,2023-11-13,1,48,6,3924.8,15,20016.49,Online
1374,2023-10-04,4,29,5,1111.63,15,4724.42,Online
1375,2022-01-10,1,40,3,4372.21,5,12460.79,Loja Física
1376,2023-03-05,6,20,5,369.21,0,1846.07,Representante
1377,2022-11-21,2,10,7,265.3,5,1764.26,Online
1378,2022-09-23,10,48,3,86.13,10,232.55,Loja Física
1379,2024-05-29,9,42,1,39.67,5,37.69,Loja Física
1380,2024-09-04,5,41,4,330.45,5,1255.69,Online
1381,2022-03-19,9,30,2,43.74,10,78.73,Online
1382,2024-02-04,7,47,6,346.01,0,2076.04,Loja Física
1383,2024-12-23,6,3,6,447.81,0,2686.84,Online
1384,2022-01-09,10,46,2,96.18,15,163.51,Representante
1385,2023-05-25,3,29,6,583.86,0,3503.13,Representante
1386,2023-12-07,4,13,4,1145.73,0,4582.93,Online
1387,2022-07-30,10,6,3,88.63,5,252.58,Representante
1388,2023-09-19,10,21,2,91.69,0,183.38,Online
1389,2022-04-04,8,38,2,476.8,0,953.6,Loja Física
1390,2024-07-22,1,37,2,4305.41,15,7319.19,Representante
1391,2024-12-09,1,32,9,4843.45,0,43591.01,Loja Física
1392,2022-10-02,2,29,2,303.8,0,607.6,Loja Física
1393,2024-01-06,7,44,1,380.58,0,380.58,Online
1394,2024-04-06,4,16,5,1118.62,0,5593.09,Online
1395,2023-04-05,4,46,1,1287.6,15,1094.46,Online
1396,2023-03-09,6,25,6,443.37,15,2261.21,Online
1397,2024-10-30,6,14,2,445.2,0,890.4,Online
1398,2024-01-21,1,22,3,4859.68,15,12392.19,Representante
1399,2022-03-18,4,11,3,1205.08,5,3434.49,Representante
1400,2023-06-08,8,27,5,455.69,10,2050.61,Representante
1401,2022-04-10,7,28,4,374.3,10,1347.47,Online
1402,2022-08-10,6,21,7,417.07,15,2481.59,Online
1403,2022-04-09,2,49,1,244.8,15,208.08,Online
1404,2024-05-03,4,3,4,1204.75,5,4578.04,Loja Física
1405,2022-09-11,6,19,2,378.22,10,680.8,Loja Física
1406,2024-08-29,6,3,3,403.72,15,1029.5,Online
1407,2023-02-25,5,26,3,349.88,15,892.2,Representante
1408,2022-01-20,3,38,2,582.14,0,1164.27,Loja Física
1409,2022-07-26,3,8,4,580.31,15,1973.07,Representante
1410,2023-07-07,4,18,2,1136.3,10,2045.33,Representante
1411,2022-10-08,2,14,4,278.7,5,1059.06,Online
1412,2024-11-13,3,48,12,683.09,15,6967.57,Representante
1413,2022-08-30,5,5,5,382.95,0,1914.77,Online
1414,2022-08-06,1,41,1,4352.16,5,4134.56,Online
1415,2023-02-14,2,36,4,267.52,0,1070.08,Representante
1416,2023-02-18,10,38,2,77.63,0,155.26,Representante
1417,2024-04-19,6,40,2,435.75,0,871.49,Online
1418,2022-03-22,10,14,6,81.52,10,440.19,Loja Física
1419,2023-03-02,8,17,2,535.06,15,909.6,Loja Física
1420,2023-11-09,3,38,4,626.34,0,2505.35,Online
1421,2022-01-27,3,44,3,664.01,15,1693.23,Online
1422,2022-08-15,10,41,1,88.32,10,79.49,Representante
1423,2024-10-08,4,12,3,1150.8,0,3452.4,Online
1424,2024-11-13,1,1,11,4810.16,0,52911.71,Representante
1425,2022-07-27,10,22,3,91.52,0,274.57,Representante
1426,2023-04-19,3,25,6,596.52,5,3400.19,Loja Física
1427,2023-06-25,10,46,3,87.29,5,248.78,Online
1428,2022-07-24,8,2,2,533.19,0,1066.38,Online
1429,2023-08-19,3,46,5,581.93,0,2909.65,Representante
1430,2023-10-03,4,36,2,1033.68,5,1963.99,Representante
1431,2022-08-26,2,45,5,294.29,0,1471.47,Online
1432,2022-01-20,10,8,1,94.41,0,94.41,Representante
1433,2022-12-16,7,49,5,364.64,0,1823.19,Loja Física
1434,2024-06-15,5,50,7,370.79,10,2335.95,Loja Física
1435,2022-07-10,8,14,4,455.26,0,1821.02,Loja Física
1436,2023-01-10,6,28,1,391.46,0,391.46,Loja Física
1437,2024-03-30,5,32,2,316.21,5,600.8,Loja Física
1438,2024-02-29,3,29,5,699.97,15,2974.89,Loja Física
1439,2024-05-13,10,8,5,83.08,15,353.1,Online
1440,2022-08-20,7,41,7,338.69,0,2370.85,Representante
1441,2022-05-01,1,40,3,4806.92,0,14420.75,Online
1442,2024-05-02,8,46,3,497.53,10,1343.33,Loja Física
1443,2024-06-16,10,27,4,84.62,0,338.47,Representante
1444,2024-02-17,7,25,3,400.69,0,1202.06,Representante
1445,2022-03-01,3,44,5,639.09,15,2716.14,Representante
1446,2022-09-25,6,38,6,380.76,5,2170.36,Loja Física
1447,2022-08-20,4,21,1,1159.88,5,1101.89,Loja Física
1448,2022-04-05,8,20,2,511.86,0,1023.72,Loja Física
1449,2023-10-06,7,42,3,397.47,0,1192.4,Representante
1450,2024-12-10,8,34,9,494.84,15,3785.56,Representante
1451,2023-04-04,6,20,7,452.05,15,2689.68,Loja Física
1452,2024-11-29,5,24,8,320.01,10,2304.1,Representante
1453,2022-07-15,5,47,4,354.61,5,1347.53,Representante
1454,2023-05-25,8,20,2,515.52,5,979.5,Loja Física
1455,2024-02-28,8,41,1,468.45,0,468.45,Representante
1456,2022-04-22,7,32,1,396.9,0,396.9,Representante
1457,2022-11-18,10,4,3,98.01,10,264.64,Loja Física
1458,2024-10-12,2,11,5,264.55,0,1322.77,Online
1459,2024-10-03,2,23,4,266.98,0,1067.93,Online
1460,2023-11-09,7,5,4,375.58,0,1502.31,Online
1461,2024-11-04,3,32,11,651.89,0,7170.81,Representante
1462,2024-02-15,7,10,3,381.49,5,1087.24,Online
1463,2022-06-11,2,35,5,306.65,5,1456.59,Loja Física
1464,2024-07-06,2,10,3,279.18,0,837.53,Loja Física
1465,2024-07-04,4,50,5,1255.72,0,6278.62,Online
1466,2024-10-15,6,15,7,414.04,15,2463.53,Representante
1467,2022-02-06,8,20,2,554.59,0,1109.18,Loja Física
1468,2024-04-24,7,3,8,327.13,0,2617.05,Representante
1469,2022-01-01,5,11,4,364.49,0,1457.95,Representante
1470,2023-09-16,4,18,9,1312.05,10,10627.62,Representante
1471,2023-02-28,4,2,1,1233.44,15,1048.43,Representante
1472,2024-07-23,4,28,6,1022.72,0,6136.31,Loja Física
1473,2022-04-22,3,18,4,602.54,0,2410.15,Loja Física
1474,2023-11-11,9,47,7,40.76,10,256.79,Representante
1475,2024-08-26,2,36,3,281.01,15,716.56,Representante
1476,2024-01-15,8,20,3,479.58,15,1222.94,Loja Física
1477,2022-08-22,5,32,2,365.34,0,730.68,Representante
1478,2023-03-31,5,21,4,367.32,0,1469.27,Loja Física
1479,2023-12-29,3,45,4,562.06,15,1911.0,Loja Física
1480,2024-12-05,8,22,6,462.64,0,2775.84,Representante
1481,2022-08-06,10,12,3,89.39,0,268.18,Online
1482,2024-10-05,1,30,10,4159.05,0,41590.54,Representante
1483,2024-04-18,6,24,5,455.17,0,2275.87,Loja Física
1484,2023-02-06,9,3,5,45.94,0,229.7,Online
1485,2024-03-15,8,17,1,561.23,0,561.23,Loja Física
1486,2023-01-26,10,46,1,88.47,15,75.2,Loja Física
1487,2022-08-09,4,9,1,1255.69,5,1192.91,Online
1488,2022-09-10,10,42,1,79.47,5,75.5,Loja Física
1489,2024-10-29,7,44,2,378.16,0,756.32,Loja Física
1490,2022-01-09,1,18,2,3868.81,10,6963.85,Representante
1491,2022-04-10,3,16,2,568.98,10,1024.17,Loja Física
1492,2024-09-16,9,40,4,43.49,10,156.57,Online
1493,2022-12-22,5,9,8,383.25,15,2606.11,Online
1494,2022-08-01,5,41,2,384.33,5,730.24,Representante
1495,2023-10-22,4,49,1,1287.65,10,1158.88,Loja Física
1496,2024-05-07,10,42,4,87.17,10,313.82,Representante
1497,2023-05-24,7,49,3,372.47,0,1117.41,Loja Física
1498,2023-12-04,4,19,6,1306.34,0,7838.03,Loja Física
1499,2022-10-01,2,14,4,277.89,0,1111.58,Loja Física
1500,2024-11-15,9,38,7,47.33,0,331.34,Representante
1501,2023-10-05,6,39,6,406.12,15,2071.2,Representante
1502,2023-03-22,2,43,1,262.51,0,262.51,Online
1503,2023-08-19,6,22,4,390.82,15,1328.78,Loja Física
1504,2022-09-29,8,15,3,461.82,15,1177.63,Representante
1505,2022-12-31,2,40,8,268.32,10,1931.9,Representante
1506,2023-10-23,5,4,6,332.95,15,1698.07,Online
1507,2023-12-23,1,41,4,4171.55,10,15017.57,Loja Física
1508,2024-05-04,8,5,3,486.17,15,1239.72,Representante
1509,2024-12-29,3,16,8,667.15,0,5337.18,Loja Física
1510,2022-01-27,7,49,2,330.17,10,594.31,Online
1511,2022-02-21,4,28,2,1160.38,5,2204.72,Online
1512,2022-04-19,6,47,3,413.59,15,1054.67,Online
1513,2023-02-14,10,3,1,97.71,0,97.71,Online
1514,2023-08-10,10,36,2,98.45,15,167.36,Loja Física
1515,2022-10-27,4,24,1,1180.58,0,1180.58,Representante
1516,2023-08-28,7,24,5,348.11,0,1740.56,Representante
1517,2022-03-08,2,43,6,242.3,0,1453.79,Loja Física
1518,2022-07-29,10,15,3,92.91,10,250.85,Representante
1519,2023-04-05,6,13,5,363.96,15,1546.82,Representante
1520,2024-03-07,6,13,2,425.87,0,851.74,Representante
1521,2023-08-13,1,42,3,4647.95,15,11852.27,Representante
1522,2022-04-07,1,34,3,4253.79,5,12123.31,Loja Física
1523,2024-05-03,10,22,4,95.77,15,325.63,Loja Física
1524,2022-04-21,1,17,3,3926.02,0,11778.06,Representante
1525,2023-05-30,1,42,1,4108.57,0,4108.57,Representante
1526,2024-06-26,10,40,4,77.01,0,308.03,Representante
1527,2024-01-24,5,17,4,355.43,10,1279.55,Representante
1528,2023-02-07,1,23,2,4890.56,15,8313.95,Online
1529,2023-08-26,6,13,1,382.47,5,363.35,Online
1530,2022-06-02,4,1,1,1123.93,0,1123.93,Online
1531,2024-11-18,5,50,5,334.53,0,1672.63,Loja Física
1532,2022-03-25,5,39,1,326.92,5,310.57,Loja Física
1533,2023-06-26,8,36,4,492.34,0,1969.36,Online
1534,2023-06-07,5,26,2,383.44,0,766.88,Loja Física
1535,2024-08-13,4,50,8,1106.32,15,7522.98,Online
1536,2022-03-23,8,3,2,554.61,0,1109.22,Loja Física
1537,2022-04-15,7,27,4,364.42,15,1239.01,Representante
1538,2023-09-09,8,11,4,493.92,5,1876.89,Representante
1539,2024-01-04,7,18,1,348.07,0,348.07,Representante
1540,2023-10-13,6,3,6,447.07,10,2414.2,Online
1541,2023-01-12,2,27,3,291.23,10,786.32,Online
1542,2024-10-31,7,31,7,406.83,0,2847.82,Loja Física
1543,2024-04-06,2,16,2,287.12,0,574.25,Loja Física
1544,2023-03-30,7,8,5,413.0,0,2064.99,Representante
1545,2023-11-11,4,17,3,1175.13,0,3525.39,Loja Física
1546,2023-08-25,8,24,3,455.38,0,1366.15,Representante
1547,2024-12-22,10,33,4,90.94,5,345.56,Representante
1548,2022-01-19,5,15,1,326.02,0,326.02,Representante
1549,2023-12-10,1,20,6,4108.2,5,23416.74,Online
1550,2023-05-15,9,45,2,44.52,0,89.04,Representante
1551,2023-10-20,9,24,2,46.54,5,88.43,Online
1552,2024-03-01,8,12,1,443.54,0,443.54,Representante
1553,2023-08-03,2,26,5,259.91,0,1299.54,Representante
1554,2024-02-07,6,15,2,412.0,10,741.61,Representante
1555,2024-07-01,3,29,4,574.16,5,2181.82,Online
1556,2023-08-31,8,49,5,484.33,15,2058.41,Online
1557,2023-10-19,3,15,8,659.87,10,4751.03,Online
1558,2022-07-16,2,42,2,239.63,0,479.25,Representante
1559,2024-12-28,5,32,10,337.84,0,3378.43,Representante
1560,2022-05-15,5,42,4,372.79,0,1491.17,Representante
1561,2023-03-13,5,24,1,368.28,15,313.04,Loja Física
1562,2022-08-01,9,39,1,46.55,0,46.55,Representante
1563,2024-06-10,1,50,6,4110.73,15,20964.73,Online
1564,2022-11-11,9,38,12,42.38,0,508.61,Loja Física
1565,2023-11-11,8,34,5,506.54,0,2532.7,Online
1566,2022-05-31,4,21,5,1155.81,0,5779.06,Online
1567,2023-05-31,6,48,4,408.45,10,1470.43,Online
1568,2023-04-12,8,50,3,466.14,0,1398.42,Loja Física
1569,2024-03-05,5,1,7,378.29,5,2515.65,Representante
1570,2024-04-08,5,32,4,368.98,5,1402.12,Loja Física
1571,2022-02-04,1,49,2,4178.82,5,7939.76,Representante
1572,2022-08-31,1,9,2,4896.55,10,8813.78,Online
1573,2022-05-10,8,19,6,496.85,15,2533.92,Representante
1574,2022-04-04,8,5,5,471.92,15,2005.68,Online
1575,2024-01-03,8,45,5,501.44,10,2256.5,Online
1576,2023-08-17,8,43,6,443.0,15,2259.31,Loja Física
1577,2022-06-27,7,4,5,394.98,0,1974.89,Loja Física
1578,2024-02-21,10,9,2,98.38,5,186.92,Representante
1579,2022-03-05,1,48,4,4254.87,5,16168.52,Online
1580,2024-12-28,5,21,7,307.52,0,2152.65,Online
1581,2024-03-11,7,39,1,384.36,10,345.93,Loja Física
1582,2022-10-23,2,12,2,294.37,0,588.74,Representante
1583,2024-02-04,4,35,1,1287.37,0,1287.37,Representante
1584,2022-10-17,5,26,1,350.51,0,350.51,Online
1585,2022-01-11,6,45,8,375.22,10,2701.59,Representante
1586,2024-03-18,2,40,6,238.33,10,1286.98,Representante
1587,2022-06-24,4,33,6,1055.91,0,6335.45,Online
1588,2023-12-06,3,24,3,598.3,0,1794.9,Loja Física
1589,2024-11-15,1,41,10,4235.7,0,42357.03,Online
1590,2023-01-12,10,6,4,96.23,0,384.94,Representante
1591,2023-06-02,10,48,7,79.7,0,557.93,Online
1592,2023-01-07,7,44,2,349.93,15,594.89,Representante
1593,2022-04-22,5,15,4,320.2,10,1152.72,Loja Física
1594,2022-05-30,3,43,1,558.34,0,558.34,Representante
1595,2022-05-18,10,15,3,95.72,0,287.17,Online
1596,2023-02-09,7,49,1,339.15,15,288.28,Representante
1597,2024-09-24,3,20,4,684.92,0,2739.69,Loja Física
1598,2022-09-20,9,48,3,44.83,15,114.32,Representante
1599,2023-04-26,9,37,5,48.53,0,242.67,Loja Física
1600,2022-05-23,6,36,2,446.09,0,892.19,Loja Física
1601,2024-09-22,10,45,5,76.95,5,365.49,Loja Física
1602,2023-09-19,10,42,2,85.11,15,144.69,Representante
1603,2022-11-09,10,6,6,93.49,10,504.87,Representante
1604,2024-01-17,3,2,1,641.79,0,641.79,Loja Física
1605,2022-12-12,4,29,8,1021.62,0,8172.97,Loja Física
1606,2023-05-20,10,1,6,79.58,0,477.48,Representante
1607,2024-06-12,1,46,3,4399.62,0,13198.87,Loja Física
1608,2022-10-03,8,15,5,499.58,15,2123.22,Representante
1609,2023-11-11,7,40,5,388.62,5,1845.96,Loja Física
1610,2024-07-01,1,16,3,4441.28,0,13323.83,Loja Física
1611,2024-09-24,8,22,4,491.06,10,1767.81,Online
1612,2022-12-26,4,35,7,1303.36,15,7755.0,Representante
1613,2022-06-17,6,34,2,430.16,0,860.31,Online
1614,2023-02-07,5,26,2,350.17,0,700.34,Representante
1615,2022-06-06,6,7,2,384.49,15,653.64,Online
1616,2022-02-08,8,41,3,454.57,10,1227.33,Representante
1617,2022-03-05,2,3,5,290.79,10,1308.56,Representante
1618,2024-04-09,2,20,1,300.9,10,270.81,Online
1619,2022-03-17,10,7,3,97.89,10,264.29,Loja Física
1620,2024-08-24,7,6,2,346.56,15,589.15,Online
1621,2024-01-20,3,2,4,697.06,5,2648.84,Online
1622,2023-08-19,2,28,1,271.8,0,271.8,Loja Física
1623,2024-10-23,1,22,5,4520.53,10,20342.37,Online
1624,2024-03-23,6,19,4,450.54,0,1802.17,Representante
1625,2022-01-22,2,16,2,244.23,15,415.19,Online
1626,2022-12-06,7,17,4,361.52,10,1301.46,Online
1627,2024-07-02,7,1,8,398.16,0,3185.25,Online
1628,2022-10-27,9,39,3,42.45,15,108.25,Representante
1629,2024-09-17,6,48,4,444.9,0,1779.59,Online
1630,2023-03-25,8,48,3,457.26,5,1303.18,Online
1631,2022-05-09,6,26,3,393.72,0,1181.15,Loja Física
1632,2023-04-25,2,18,3,285.34,0,856.03,Representante
1633,2023-02-28,10,33,2,87.56,10,157.61,Loja Física
1634,2024-03-05,2,28,4,275.84,5,1048.18,Loja Física
1635,2022-04-06,8,40,5,446.8,0,2234.01,Representante
1636,2023-10-26,9,6,1,49.46,0,49.46,Representante
1637,2024-12-03,3,44,6,709.51,15,3618.52,Loja Física
1638,2023-06-24,10,32,4,93.15,10,335.34,Representante
1639,2022-12-23,2,31,5,238.33,5,1132.05,Representante
1640,2024-02-15,10,15,6,91.32,0,547.89,Representante
1641,2022-06-09,10,6,4,95.44,10,343.58,Loja Física
1642,2024-02-10,6,50,3,365.12,0,1095.36,Representante
1643,2024-04-11,10,50,4,92.71,0,370.85,Loja Física
1644,2024-09-24,7,12,5,366.98,5,1743.17,Representante
1645,2022-01-14,9,39,2,46.26,10,83.28,Online
1646,2024-06-19,4,43,5,1081.38,0,5406.88,Online
1647,2022-06-07,8,14,5,564.32,10,2539.44,Representante
1648,2023-07-30,4,21,4,1122.64,0,4490.54,Online
1649,2023-01-18,4,41,1,1217.21,0,1217.21,Loja Física
1650,2022-08-31,2,33,2,292.47,15,497.19,Online
1651,2024-04-29,3,10,4,654.57,0,2618.26,Representante
1652,2022-08-21,10,48,1,87.43,5,83.05,Representante
1653,2024-09-07,9,41,3,43.5,5,123.96,Online
1654,2022-11-27,4,42,5,1095.51,15,4655.91,Loja Física
1655,2022-02-15,2,47,2,245.75,0,491.49,Online
1656,2022-09-19,5,16,2,355.46,10,639.83,Representante
1657,2022-11-26,5,14,3,301.07,0,903.22,Representante
1658,2024-11-15,9,7,5,46.79,0,233.97,Representante
1659,2022-10-28,10,15,2,91.73,0,183.47,Online
1660,2023-06-13,3,8,3,678.9,0,2036.71,Representante
1661,2024-04-10,5,5,1,371.26,10,334.14,Representante
1662,2022-02-08,9,13,4,43.22,15,146.95,Representante
1663,2023-08-04,1,2,3,4168.4,0,12505.21,Online
1664,2024-07-08,3,11,4,699.73,10,2519.01,Loja Física
1665,2024-09-13,2,46,3,307.69,0,923.08,Online
1666,2024-04-21,6,11,6,444.05,10,2397.89,Online
1667,2023-01-08,4,36,1,1180.29,10,1062.26,Representante
1668,2024-11-12,3,10,5,688.69,0,3443.43,Online
1669,2023-12-03,1,40,1,4133.24,5,3926.57,Representante
1670,2022-05-21,10,13,3,85.15,0,255.46,Loja Física
1671,2024-02-29,3,1,1,591.0,0,591.0,Online
1672,2022-02-03,3,16,3,648.06,0,1944.17,Representante
1673,2024-10-29,8,20,5,559.64,15,2378.48,Loja Física
1674,2022-11-03,8,14,3,558.31,10,1507.45,Online
1675,2022-12-30,2,47,5,242.61,5,1152.39,Representante
1676,2022-03-21,4,36,2,1317.78,10,2372.01,Representante
1677,2022-08-29,3,38,5,593.25,0,2966.25,Loja Física
1678,2022-09-24,5,25,4,328.81,10,1183.71,Representante
1679,2022-01-03,8,31,1,533.85,15,453.77,Representante
1680,2024-06-02,1,45,6,4475.07,10,24165.38,Loja Física
1681,2024-01-29,8,40,3,543.91,0,1631.72,Representante
1682,2024-12-21,6,34,5,357.86,5,1699.83,Online
1683,2024-09-14,3,33,2,566.46,5,1076.28,Loja Física
1684,2022-07-20,2,37,4,301.51,5,1145.74,Online
1685,2023-06-06,1,33,4,4891.39,5,18587.29,Online
1686,2022-06-21,3,44,2,659.0,0,1317.99,Representante
1687,2024-04-16,8,15,2,528.11,0,1056.22,Online
1688,2022-01-12,1,36,2,4287.85,15,7289.35,Representante
1689,2022-01-15,2,19,1,299.32,10,269.39,Representante
1690,2022-08-30,2,23,3,239.97,10,647.91,Online
1691,2024-02-08,6,47,2,442.43,15,752.13,Online
1692,2023-10-09,10,22,5,84.3,5,400.4,Loja Física
1693,2022-08-07,8,6,2,481.58,0,963.16,Loja Física
1694,2023-06-04,9,44,4,45.99,0,183.95,Representante
1695,2024-05-17,8,39,4,554.86,10,1997.48,Loja Física
1696,2023-07-19,4,8,4,1036.9,15,3525.44,Loja Física
1697,2023-02-22,4,9,1,1063.8,5,1010.61,Representante
1698,2024-09-15,2,26,4,300.03,0,1200.12,Loja Física
1699,2024-09-17,8,30,4,528.32,0,2113.27,Loja Física
1700,2023-12-07,6,19,7,362.4,15,2156.28,Loja Física
1701,2022-10-10,2,37,3,256.38,15,653.78,Online
1702,2023-04-16,4,33,3,1266.95,5,3610.81,Representante
1703,2022-11-28,4,8,5,1232.97,0,6164.84,Online
1704,2024-11-07,3,37,7,709.79,5,4720.13,Loja Física
1705,2022-04-17,3,45,2,637.99,0,1275.99,Loja Física
1706,2022-01-11,5,42,3,302.75,0,908.24,Online
1707,2024-08-23,9,20,7,44.41,10,279.79,Loja Física
1708,2022-06-30,8,49,1,453.22,0,453.22,Loja Física
1709,2023-03-31,7,15,4,400.56,0,1602.25,Online
1710,2022-03-19,2,22,4,292.11,15,993.18,Loja Física
1711,2024-03-31,7,24,2,330.13,10,594.23,Representante
1712,2024-12-03,7,38,2,371.59,0,743.18,Representante
1713,2022-04-28,6,38,2,402.64,0,805.28,Representante
1714,2024-10-09,2,22,2,272.77,5,518.26,Online
1715,2023-02-18,5,5,3,364.78,15,930.2,Representante
1716,2023-08-09,10,24,11,80.54,0,885.94,Online
1717,2024-11-11,9,47,5,46.64,10,209.88,Representante
1718,2023-04-20,8,37,3,531.11,10,1433.99,Online
1719,2022-03-15,4,33,1,1070.94,0,1070.94,Online
1720,2022-01-01,6,41,1,413.8,0,413.8,Online
1721,2023-07-20,6,45,6,419.23,5,2389.62,Loja Física
1722,2024-03-20,2,22,3,296.97,5,846.37,Representante
1723,2023-02-15,8,46,1,442.56,10,398.31,Online
1724,2022-05-21,5,27,5,327.86,0,1639.3,Representante
1725,2023-08-06,9,44,1,48.71,15,41.4,Representante
1726,2023-12-14,10,1,2,82.45,0,164.91,Loja Física
1727,2023-04-09,4,2,1,1096.93,10,987.23,Online
1728,2024-07-20,10,43,12,78.7,5,897.14,Representante
1729,2022-01-10,7,11,5,417.83,0,2089.13,Online
1730,2024-04-13,2,48,4,245.44,10,883.59,Online
1731,2022-05-29,2,43,2,299.43,10,538.97,Loja Física
1732,2023-11-28,5,27,9,343.07,0,3087.59,Representante
1733,2023-06-12,1,10,4,4167.68,10,15003.66,Representante
1734,2023-05-28,9,49,5,39.62,15,168.37,Loja Física
1735,2024-02-12,6,28,6,363.8,10,1964.53,Loja Física
1736,2023-05-14,3,19,5,596.6,0,2982.98,Loja Física
1737,2024-08-01,9,44,5,40.75,10,183.36,Online
1738,2024-09-14,2,14,6,307.97,0,1847.81,Loja Física
1739,2022-05-19,1,48,2,3921.69,5,7451.2,Representante
1740,2023-03-28,10,48,4,79.7,15,270.97,Representante
1741,2023-04-16,9,13,4,43.24,0,172.97,Loja Física
1742,2023-12-25,5,7,6,380.49,10,2054.67,Representante
1743,2022-01-20,8,37,2,518.28,15,881.08,Loja Física
1744,2023-05-24,2,31,6,239.57,0,1437.41,Online
1745,2024-03-28,6,3,2,425.21,15,722.86,Representante
1746,2023-12-02,5,15,8,369.28,0,2954.22,Representante
1747,2023-01-01,2,9,2,260.94,5,495.78,Loja Física
1748,2023-12-26,9,7,5,41.54,0,207.68,Representante
1749,2023-07-06,5,46,4,375.77,0,1503.1,Representante
1750,2023-01-25,7,21,3,342.64,5,976.51,Representante
1751,2023-02-13,10,46,4,89.97,0,359.87,Representante
1752,2023-05-11,1,45,2,3870.46,0,7740.93,Online
1753,2023-04-15,8,3,1,571.3,0,571.3,Online
1754,2023-12-31,9,37,6,44.14,0,264.86,Online
1755,2022-09-03,5,43,6,303.04,0,1818.23,Representante
1756,2024-10-05,10,45,7,79.23,10,499.16,Online
1757,2022-03-28,10,47,5,98.54,5,468.08,Loja Física
1758,2023-10-08,10,8,1,89.69,5,85.21,Representante
1759,2023-07-17,1,27,8,4764.3,5,36208.71,Online
1760,2024-11-12,6,16,12,363.51,0,4362.07,Loja Física
1761,2023-03-31,6,1,2,403.31,10,725.95,Online
1762,2022-04-21,6,11,3,390.51,10,1054.39,Loja Física
1763,2024-09-06,9,29,3,43.39,10,117.15,Online
1764,2024-10-26,3,5,4,627.39,0,2509.54,Loja Física
1765,2022-12-24,7,39,3,338.04,5,963.41,Online
1766,2024-11-27,4,42,5,1304.39,5,6195.85,Loja Física
1767,2022-01-18,7,20,1,399.1,0,399.1,Representante
1768,2023-03-08,8,34,4,452.63,5,1719.98,Representante
1769,2022-07-26,6,5,5,373.69,0,1868.45,Loja Física
1770,2023-06-16,8,41,1,554.82,0,554.82,Representante
1771,2023-06-23,2,34,6,302.58,0,1815.49,Loja Física
1772,2024-08-23,3,26,3,690.75,10,1865.04,Loja Física
1773,2024-01-20,8,4,1,498.62,0,498.62,Loja Física
1774,2024-05-18,1,16,7,4472.35,0,31306.42,Loja Física
1775,2024-02-02,4,49,2,1298.6,0,2597.19,Loja Física
1776,2023-07-27,9,35,2,42.05,5,79.9,Online
1777,2022-09-26,6,26,2,360.58,10,649.04,Representante
1778,2023-04-14,10,5,4,95.82,0,383.28,Representante
1779,2023-07-07,1,20,2,3911.44,0,7822.89,Representante
1780,2024-06-04,3,19,7,626.05,5,4163.25,Online
1781,2022-10-26,3,18,2,714.02,15,1213.84,Online
1782,2024-08-26,4,46,4,1138.75,0,4555.02,Online
1783,2024-05-13,4,32,4,1077.42,5,4094.2,Online
1784,2024-11-24,1,49,11,4099.43,10,40584.34,Representante
1785,2023-10-09,10,42,2,85.39,5,162.25,Loja Física
1786,2023-05-29,10,44,3,90.38,10,244.03,Representante
1787,2022-04-08,3,29,3,691.59,5,1971.03,Online
1788,2022-12-01,7,14,5,417.97,0,2089.86,Online
1789,2023-06-05,5,24,6,364.22,5,2076.08,Representante
1790,2022-07-17,1,30,3,3934.77,5,11214.09,Representante
1791,2023-11-17,3,37,6,604.05,0,3624.29,Loja Física
1792,2024-01-08,4,37,2,1096.0,10,1972.8,Representante
1793,2023-06-12,3,37,3,634.63,0,1903.9,Online
1794,2024-04-23,6,17,4,409.23,0,1636.91,Loja Física
1795,2023-02-12,7,42,2,380.43,10,684.78,Representante
1796,2022-12-24,1,15,5,3969.59,0,19847.96,Loja Física
1797,2023-10-28,10,37,7,85.78,15,510.39,Representante
1798,2024-09-25,6,26,2,368.14,15,625.84,Loja Física
1799,2022-06-10,3,18,1,593.18,5,563.52,Representante
1800,2023-08-10,1,44,8,4807.57,5,36537.5,Representante
1801,2022-10-24,5,23,3,369.11,0,1107.33,Representante
1802,2023-11-22,6,11,6,444.1,5,2531.36,Representante
1803,2024-04-08,4,26,3,1031.81,0,3095.43,Online
1804,2022-11-28,3,19,5,666.1,0,3330.48,Online
1805,2023-10-05,10,48,3,85.3,0,255.9,Representante
1806,2023-08-20,2,30,4,273.07,15,928.45,Loja Física
1807,2024-03-20,6,33,2,406.63,0,813.26,Loja Física
1808,2024-01-14,3,50,3,607.67,15,1549.56,Representante
1809,2024-12-02,7,27,6,329.54,5,1878.4,Loja Física
1810,2022-12-09,4,23,3,1136.05,0,3408.15,Online
1811,2022-09-14,3,49,5,600.95,15,2554.04,Online
1812,2023-05-31,5,18,3,309.69,15,789.72,Representante
1813,2022-06-13,7,36,4,386.7,0,1546.81,Online
1814,2024-03-24,6,41,1,429.21,0,429.21,Online
1815,2022-05-11,6,15,5,459.07,5,2180.58,Representante
1816,2022-04-21,3,44,5,560.42,0,2802.12,Loja Física
1817,2024-12-09,5,39,5,370.69,0,1853.45,Online
1818,2023-06-22,2,2,4,286.97,10,1033.09,Online
1819,2022-06-22,5,4,7,374.32,15,2227.21,Loja Física
1820,2023-09-26,6,4,4,401.49,0,1605.96,Online
1821,2023-08-05,1,36,4,4461.9,5,16955.2,Representante
1822,2022-09-16,6,1,4,394.56,0,1578.23,Representante
1823,2022-12-16,3,40,4,593.73,0,2374.92,Online
1824,2024-01-01,2,44,1,240.83,0,240.83,Loja Física
1825,2024-08-14,6,6,5,386.38,10,1738.72,Loja Física
1826,2024-06-30,3,50,4,611.32,0,2445.28,Representante
1827,2022-12-29,9,28,9,41.13,10,333.14,Representante
1828,2024-07-24,3,49,5,613.65,15,2607.99,Representante
1829,2024-06-09,4,39,3,1078.87,10,2912.95,Representante
1830,2024-12-29,10,9,9,89.9,0,809.11,Loja Física
1831,2024-09-13,1,20,3,4164.32,10,11243.66,Online
1832,2022-07-03,4,19,3,1310.04,5,3733.62,Loja Física
1833,2024-01-20,2,24,4,283.1,5,1075.79,Loja Física
1834,2022-11-15,5,5,5,319.24,0,1596.22,Online
1835,2022-01-01,6,26,2,444.89,10,800.81,Online
1836,2023-12-06,4,14,6,1070.16,0,6420.98,Loja Física
1837,2024-12-31,1,17,3,4784.65,0,14353.94,Representante
1838,2024-10-04,10,34,2,78.93,5,149.97,Loja Física
1839,2022-01-19,9,40,2,49.44,5,93.94,Loja Física
1840,2023-04-19,5,33,3,361.06,0,1083.19,Representante
1841,2024-02-05,9,12,1,46.7,0,46.7,Loja Física
1842,2024-06-14,9,6,3,42.64,5,121.53,Online
1843,2022-12-01,7,14,6,332.66,15,1696.57,Representante
1844,2024-03-09,2,50,5,241.59,5,1147.54,Online
1845,2023-06-23,4,45,3,1310.94,0,3932.82,Loja Física
1846,2023-05-06,3,35,3,670.15,10,1809.4,Representante
1847,2023-07-11,4,23,6,1195.23,0,7171.35,Representante
1848,2024-12-25,7,13,5,389.72,0,1948.62,Loja Física
1849,2023-01-21,8,28,3,496.43,0,1489.28,Online
1850,2022-10-07,4,11,3,1308.71,0,3926.14,Online
1851,2024-07-21,1,48,7,4531.36,10,28547.54,Loja Física
1852,2023-07-12,7,5,6,388.61,15,1981.92,Representante
1853,2024-10-04,1,18,5,4445.12,0,22225.61,Loja Física
1854,2022-02-09,6,28,1,445.63,0,445.63,Online
1855,2024-12-31,1,35,8,4699.67,0,37597.36,Online
1856,2022-07-29,6,5,4,458.5,0,1834.02,Loja Física
1857,2022-09-14,5,24,4,350.73,15,1192.49,Loja Física
1858,2022-01-17,9,36,1,39.99,0,39.99,Online
1859,2022-11-05,3,22,5,703.51,0,3517.53,Loja Física
1860,2023-03-21,1,23,3,4534.62,0,13603.85,Loja Física
1861,2023-10-01,8,47,4,451.6,5,1716.07,Loja Física
1862,2024-08-07,9,3,3,40.48,15,103.21,Online
1863,2023-11-08,8,1,4,563.77,0,2255.08,Online
1864,2022-04-25,8,8,4,503.14,0,2012.55,Loja Física
1865,2022-05-27,9,35,2,47.58,10,85.65,Loja Física
1866,2023-01-07,8,27,3,567.07,0,1701.21,Loja Física
1867,2024-02-21,1,18,2,4227.1,0,8454.21,Online
1868,2023-05-25,1,39,3,4135.11,5,11785.06,Loja Física
1869,2023-05-22,7,16,3,370.15,15,943.89,Online
1870,2023-02-12,2,10,3,271.5,5,773.77,Representante
1871,2022-07-12,8,30,3,493.72,10,1333.03,Representante
1872,2023-03-03,8,36,6,539.93,5,3077.58,Loja Física
1873,2023-10-02,3,37,4,584.42,0,2337.69,Online
1874,2022-03-28,7,22,7,413.33,15,2459.31,Representante
1875,2024-12-02,2,27,5,302.03,0,1510.13,Loja Física
1876,2024-09-12,4,39,3,1267.88,15,3233.1,Loja Física
1877,2023-02-11,3,38,5,703.23,0,3516.15,Online
1878,2023-03-23,3,45,3,702.88,0,2108.65,Online
1879,2024-06-08,6,45,5,388.84,0,1944.2,Online
1880,2022-12-09,7,47,5,362.56,0,1812.82,Representante
1881,2022-09-03,8,42,1,552.5,5,524.87,Online
1882,2022-01-19,8,2,2,456.21,0,912.42,Representante
1883,2024-08-31,6,41,1,364.28,15,309.64,Representante
1884,2022-11-14,7,24,6,333.25,0,1999.48,Online
1885,2023-05-25,9,18,4,41.36,0,165.45,Loja Física
1886,2022-07-07,5,29,4,379.31,15,1289.64,Representante
1887,2023-11-25,10,12,4,81.43,15,276.87,Online
1888,2022-05-03,9,12,4,40.53,0,162.11,Representante
1889,2022-11-12,3,19,4,668.56,15,2273.09,Representante
1890,2022-08-08,7,40,3,342.13,0,1026.39,Loja Física
1891,2023-04-22,4,10,7,1037.24,0,7260.67,Representante
1892,2023-12-13,3,3,5,557.99,5,2650.43,Representante
1893,2023-01-31,1,48,1,4242.85,0,4242.85,Representante
1894,2024-02-13,8,17,1,489.16,0,489.16,Representante
1895,2022-10-03,2,9,1,270.38,0,270.38,Online
1896,2024-09-20,7,7,1,329.62,15,280.18,Loja Física
1897,2023-08-27,7,44,9,327.17,10,2650.1,Representante
1898,2024-09-30,3,24,2,676.99,0,1353.97,Representante
1899,2023-01-18,1,27,4,3843.81,10,13837.72,Loja Física
1900,2023-10-25,7,48,5,402.33,15,1709.92,Loja Física
1901,2023-07-18,1,27,5,4408.98,10,19840.41,Representante
1902,2022-11-25,9,12,5,47.52,0,237.61,Representante
1903,2022-11-14,7,42,2,364.08,5,691.76,Loja Física
1904,2023-06-24,3,30,2,661.88,10,1191.39,Loja Física
1905,2024-07-18,7,30,3,410.35,0,1231.06,Representante
1906,2024-11-02,9,39,5,43.75,5,207.83,Representante
1907,2023-01-15,1,24,1,4360.91,0,4360.91,Representante
1908,2024-01-16,3,37,3,617.37,10,1666.89,Online
1909,2023-10-19,8,20,2,511.65,15,869.81,Online
1910,2024-03-04,8,34,6,503.27,0,3019.62,Representante
1911,2024-10-15,7,44,8,399.55,10,2876.75,Online
1912,2023-08-03,1,19,2,4870.16,0,9740.31,Loja Física
1913,2023-10-22,3,27,5,691.82,0,3459.08,Online
1914,2024-12-07,3,45,2,594.88,15,1011.29,Online
1915,2022-03-31,6,13,3,371.34,0,1114.02,Online
1916,2022-03-06,7,32,5,355.69,0,1778.44,Online
1917,2024-09-21,4,33,2,1116.61,0,2233.23,Online
1918,2022-03-07,4,42,3,1061.01,10,2864.73,Representante
1919,2024-03-06,2,20,3,286.81,15,731.36,Loja Física
1920,2024-12-12,2,34,7,241.58,10,1521.93,Representante
1921,2023-06-09,2,45,3,259.53,0,778.58,Loja Física
1922,2023-03-29,7,13,1,340.51,10,306.46,Representante
1923,2022-05-26,8,9,8,514.54,0,4116.3,Online
1924,2024-10-03,8,9,3,489.46,0,1468.39,Loja Física
1925,2022-05-05,7,4,4,378.55,0,1514.21,Representante
1926,2024-05-01,7,29,3,347.08,0,1041.23,Representante
1927,2022-04-30,9,36,1,38.44,10,34.6,Loja Física
1928,2024-12-19,1,18,6,4497.52,0,26985.09,Representante
1929,2022-05-25,9,1,2,44.56,0,89.12,Online
1930,2023-03-19,9,46,3,43.88,10,118.48,Online
1931,2022-07-27,3,43,8,659.38,15,4483.8,Online
1932,2024-12-24,2,34,7,272.6,5,1812.78,Online
1933,2023-01-31,2,42,1,299.85,10,269.86,Representante
1934,2023-05-25,9,39,4,46.13,10,166.08,Representante
1935,2023-01-02,1,24,1,4298.73,10,3868.86,Representante
1936,2024-04-30,9,40,4,42.95,15,146.03,Online
1937,2024-01-04,10,28,3,88.4,15,225.42,Loja Física
1938,2024-05-24,7,18,3,393.53,0,1180.59,Online
1939,2023-01-05,10,29,3,77.7,10,209.78,Loja Física
1940,2024-10-30,7,41,1,328.78,0,328.78,Representante
1941,2022-11-20,10,43,4,78.7,10,283.3,Representante
1942,2024-06-26,3,11,5,576.46,0,2882.29,Loja Física
1943,2023-10-27,10,2,5,80.51,0,402.56,Loja Física
1944,2024-05-31,3,35,6,672.41,15,3429.28,Loja Física
1945,2023-05-08,9,4,5,40.76,10,183.42,Representante
1946,2023-03-15,4,26,5,1223.86,5,5813.35,Representante
1947,2023-06-05,2,5,1,278.46,0,278.46,Loja Física
1948,2024-07-05,3,13,4,612.38,5,2327.03,Online
1949,2022-03-12,10,32,4,94.58,0,378.32,Representante
1950,2022-02-03,7,1,4,400.15,10,1440.55,Online
1951,2023-09-11,7,41,2,351.47,0,702.94,Loja Física
1952,2023-03-31,3,9,3,640.8,0,1922.41,Loja Física
1953,2022-02-14,4,34,4,1314.87,15,4470.54,Loja Física
1954,2024-11-13,2,13,2,245.54,10,441.98,Representante
1955,2022-11-13,9,30,7,45.15,0,316.05,Online
1956,2024-07-31,10,28,6,85.65,0,513.9,Online
1957,2022-10-11,3,35,3,698.68,0,2096.03,Loja Física
1958,2023-05-27,3,16,3,671.18,0,2013.54,Loja Física
1959,2023-09-08,3,46,2,655.94,0,1311.87,Representante
1960,2024-03-29,4,8,3,1114.27,10,3008.52,Online
1961,2022-06-08,10,21,3,78.25,15,199.53,Loja Física
1962,2024-09-15,7,36,4,330.29,0,1321.16,Loja Física
1963,2022-07-15,2,4,4,265.45,10,955.63,Representante
1964,2023-09-08,5,6,6,366.12,0,2196.73,Representante
1965,2024-02-21,9,42,3,49.06,0,147.18,Online
1966,2023-11-16,9,46,6,41.98,0,251.85,Loja Física
1967,2024-05-03,9,30,5,46.12,0,230.6,Online
1968,2022-01-24,4,4,6,1164.8,15,5940.47,Representante
1969,2024-02-23,7,17,2,367.29,0,734.58,Loja Física
1970,2024-12-09,7,2,9,328.33,0,2954.98,Loja Física
1971,2022-11-03,5,9,4,371.53,0,1486.13,Representante
1972,2023-03-29,5,26,2,302.89,0,605.79,Online
1973,2024-03-15,4,7,4,1289.74,5,4900.99,Representante
1974,2024-10-30,5,8,1,363.74,0,363.74,Online
1975,2024-06-03,3,10,4,579.83,0,2319.33,Loja Física
1976,2022-10-31,5,15,4,318.06,0,1272.23,Loja Física
1977,2022-06-19,3,28,4,709.15,5,2694.77,Representante
1978,2022-04-11,10,10,4,81.64,10,293.91,Loja Física
1979,2023-06-22,6,48,8,444.32,0,3554.54,Loja Física
1980,2024-10-24,9,44,6,47.42,5,270.3,Representante
1981,2022-09-25,10,12,4,81.23,0,324.9,Loja Física
1982,2023-02-10,9,25,2,40.72,5,77.37,Loja Física
1983,2023-02-06,3,9,1,611.48,10,550.33,Representante
1984,2024-12-09,1,21,5,4389.47,0,21947.36,Online
1985,2022-05-27,8,33,4,532.22,0,2128.87,Loja Física
1986,2023-10-25,3,25,6,713.47,15,3638.68,Representante
1987,2022-07-03,1,27,4,4264.35,0,17057.38,Representante
1988,2024-04-27,6,50,3,413.44,5,1178.29,Loja Física
1989,2023-12-15,5,18,4,331.23,0,1324.91,Loja Física
1990,2023-12-07,10,37,7,94.83,10,597.43,Representante
1991,2022-02-19,5,47,2,329.08,0,658.16,Online
1992,2023-12-18,3,2,5,710.64,10,3197.89,Loja Física
1993,2022-10-26,6,32,2,459.08,5,872.25,Online
1994,2023-04-24,2,37,5,291.68,0,1458.38,Representante
1995,2024-02-05,5,26,2,376.33,0,752.66,Representante
1996,2022-06-25,10,28,6,95.58,0,573.47,Representante
1997,2022-04-22,1,7,3,4839.35,0,14518.04,Representante
1998,2022-10-30,6,6,7,399.06,0,2793.41,Online
1999,2023-12-05,4,5,6,1037.92,15,5293.4,Online
2000,2023-09-17,2,48,6,262.33,5,1495.29,Loja Física
2001,2022-02-16,5,38,3,323.53,0,970.6,Online
2002,2023-03-10,1,19,4,3941.63,0,15766.52,Representante
2003,2024-12-07,5,37,9,304.82,0,2743.39,Representante
2004,2024-09-16,8,4,5,535.8,10,2411.08,Representante
2005,2022-10-17,8,34,4,525.05,15,1785.17,Representante
2006,2022-02-07,7,7,4,355.28,5,1350.08,Representante
2007,2024-12-14,7,27,15,413.56,0,6203.36,Loja Física
2008,2022-12-15,9,41,10,44.73,0,447.3,Loja Física
2009,2023-02-16,8,22,1,450.63,15,383.04,Representante
2010,2023-07-10,9,4,4,43.19,0,172.76,Loja Física
2011,2022-01-18,9,35,1,42.98,0,42.98,Loja Física
2012,2023-07-10,9,2,7,46.02,15,273.83,Representante
2013,2024-01-08,6,49,3,400.5,0,1201.49,Online
2014,2023-08-23,10,18,5,80.56,15,342.36,Loja Física
2015,2023-04-19,9,16,6,41.96,5,239.2,Representante
2016,2022-07-23,10,13,3,78.16,0,234.49,Loja Física
2017,2024-12-24,6,8,5,407.9,0,2039.51,Online
2018,2023-02-12,2,44,3,265.1,10,715.76,Loja Física
2019,2022-02-14,8,41,2,480.8,0,961.61,Online
2020,2024-12-20,7,20,13,407.43,0,5296.63,Loja Física
2021,2024-09-30,2,16,3,256.53,5,731.1,Representante
2022,2022-11-18,2,42,8,243.26,0,1946.11,Loja Física
2023,2023-12-22,6,5,12,423.12,0,5077.43,Representante
2024,2023-09-12,3,14,1,597.98,0,597.98,Representante
2025,2023-07-19,9,23,4,42.44,0,169.77,Representante
2026,2023-06-12,8,44,7,541.87,5,3603.44,Online
2027,2023-07-28,6,46,6,437.49,0,2624.97,Online
2028,2023-12-01,10,46,5,82.18,5,390.35,Representante
2029,2022-10-09,7,8,3,400.73,0,1202.2,Representante
2030,2024-02-22,2,4,1,289.03,10,260.13,Representante
2031,2023-04-11,6,41,3,365.12,5,1040.6,Online
2032,2022-11-09,8,41,4,492.59,5,1871.85,Loja Física
2033,2023-11-06,6,14,6,456.54,5,2602.3,Representante
2034,2022-09-27,6,23,4,367.16,0,1468.63,Representante
2035,2022-10-11,9,49,2,44.93,10,80.88,Representante
2036,2023-02-19,1,36,1,4906.08,0,4906.08,Loja Física
2037,2024-12-08,3,11,7,669.13,0,4683.91,Loja Física
2038,2022-10-25,7,32,3,329.92,15,841.28,Representante
2039,2022-11-20,3,12,6,583.88,0,3503.31,Online
2040,2024-12-27,9,8,9,38.34,15,293.31,Online
2041,2023-01-13,4,22,3,1096.54,0,3289.62,Online
2042,2022-03-02,2,36,4,256.08,0,1024.33,Loja Física
2043,2024-04-22,8,16,4,477.73,0,1910.93,Loja Física
2044,2023-07-15,4,5,4,1022.18,0,4088.73,Online
2045,2022-08-07,10,27,3,92.78,0,278.35,Online
2046,2022-02-23,8,37,3,466.3,10,1259.02,Representante
2047,2023-07-01,8,16,5,542.29,10,2440.29,Representante
2048,2023-04-18,1,39,3,3980.53,10,10747.43,Online
2049,2023-04-18,8,49,5,462.52,15,1965.71,Online
2050,2024-01-06,2,25,2,267.03,0,534.06,Representante
2051,2024-09-03,7,1,3,374.56,0,1123.67,Representante
2052,2024-08-18,5,8,3,345.0,15,879.74,Representante
2053,2024-02-05,10,10,1,84.89,0,84.89,Loja Física
2054,2024-10-03,4,28,4,1078.87,5,4099.69,Online
2055,2022-12-02,3,25,7,677.66,0,4743.62,Online
2056,2022-03-08,1,13,4,4173.16,5,15858.01,Online
2057,2023-07-07,6,5,5,375.97,5,1785.87,Online
2058,2023-02-20,7,12,3,373.37,0,1120.1,Online
2059,2022-12-29,4,2,11,1237.97,5,12936.74,Representante
2060,2024-09-30,2,2,8,307.29,15,2089.55,Loja Física
2061,2024-07-26,1,17,6,4696.29,0,28177.71,Loja Física
2062,2024-04-09,3,7,5,683.06,0,3415.32,Representante
2063,2024-02-19,6,40,1,416.56,15,354.08,Loja Física
2064,2024-03-18,10,18,7,83.86,10,528.34,Representante
2065,2024-12-11,8,23,9,542.35,15,4148.95,Representante
2066,2022-03-20,9,48,1,48.93,10,44.03,Online
2067,2024-07-13,3,7,5,690.39,5,3279.35,Online
2068,2023-05-19,8,6,4,490.06,10,1764.22,Representante
2069,2024-03-21,4,37,2,1206.39,15,2050.86,Online
2070,2024-03-04,8,28,4,472.7,10,1701.7,Representante
2071,2022-04-11,4,19,2,1135.34,0,2270.68,Loja Física
2072,2024-06-19,3,48,6,554.0,5,3157.79,Loja Física
2073,2023-08-09,2,19,2,259.68,5,493.4,Online
2074,2024-05-15,7,44,4,376.31,0,1505.24,Representante
2075,2022-04-22,4,30,7,1136.25,15,6760.7,Representante
2076,2022-10-19,6,22,1,358.08,5,340.18,Representante
2077,2024-07-14,8,24,2,496.48,0,992.97,Representante
2078,2024-10-22,6,4,2,391.65,0,783.3,Online
2079,2022-10-05,1,37,4,3972.67,5,15096.15,Loja Física
2080,2023-10-25,8,10,3,513.43,5,1463.26,Online
2081,2023-01-02,6,12,1,401.87,5,381.78,Representante
2082,2023-02-18,1,47,1,4397.8,5,4177.91,Online
2083,2023-05-28,8,35,2,493.93,0,987.86,Representante
2084,2022-12-02,7,30,7,339.22,15,2018.33,Representante
2085,2022-09-11,2,17,2,270.27,0,540.54,Online
2086,2024-07-09,10,37,5,93.5,15,397.38,Loja Física
2087,2022-06-24,6,29,6,430.51,10,2324.78,Representante
2088,2024-02-26,2,17,1,271.46,15,230.74,Representante
2089,2022-11-24,9,11,6,46.58,5,265.5,Representante
2090,2024-02-19,9,4,6,41.9,0,251.39,Online
2091,2023-11-18,10,8,3,98.41,10,265.7,Representante
2092,2022-11-04,9,10,9,48.53,0,436.75,Online
2093,2023-01-02,2,28,2,254.62,15,432.85,Online
2094,2024-05-09,1,8,2,4657.57,0,9315.13,Loja Física
2095,2024-07-02,4,29,6,1033.6,0,6201.62,Representante
2096,2023-01-06,5,21,1,366.34,0,366.34,Online
2097,2023-02-20,5,37,1,313.41,0,313.41,Representante
2098,2023-06-03,3,12,4,566.87,0,2267.49,Loja Física
2099,2024-10-16,6,37,2,386.74,5,734.81,Representante
2100,2022-01-12,9,31,3,46.25,10,124.87,Loja Física
2101,2023-05-03,8,34,2,552.86,0,1105.72,Representante
2102,2024-09-01,6,21,7,451.59,5,3003.11,Loja Física
2103,2024-06-23,10,1,5,81.4,0,407.01,Representante
2104,2022-01-14,1,11,1,4354.04,0,4354.04,Representante
2105,2023-07-24,3,50,6,704.83,10,3806.07,Representante
2106,2023-03-02,2,43,7,297.15,0,2080.06,Online
2107,2022-10-31,5,30,3,382.1,0,1146.31,Representante
2108,2023-12-16,10,20,11,86.76,0,954.36,Online
2109,2022-03-08,5,2,4,377.83,15,1284.64,Representante
2110,2023-09-04,9,40,8,44.78,0,358.26,Online
2111,2022-04-11,10,24,6,85.16,0,510.97,Loja Física
2112,2023-01-01,10,14,4,77.34,0,309.35,Representante
2113,2023-08-06,4,47,3,1280.89,10,3458.41,Representante
2114,2022-12-30,3,2,2,685.22,5,1301.93,Representante
2115,2024-01-08,9,6,2,43.25,0,86.49,Online
2116,2023-09-05,6,23,1,402.02,0,402.02,Loja Física
2117,2024-02-16,10,26,3,89.73,0,269.19,Loja Física
2118,2022-05-13,9,20,2,47.29,0,94.59,Loja Física
2119,2022-10-03,5,13,3,381.93,0,1145.79,Representante
2120,2023-07-17,8,9,1,471.26,0,471.26,Representante
2121,2024-04-27,5,38,3,370.01,10,999.04,Online
2122,2023-03-05,4,45,4,1243.05,10,4474.97,Online
2123,2022-08-12,10,46,2,85.8,10,154.43,Representante
2124,2024-12-19,2,11,4,294.82,0,1179.27,Loja Física
2125,2023-08-12,1,35,1,4264.0,5,4050.8,Representante
2126,2023-10-11,10,14,1,79.61,0,79.61,Representante
2127,2023-12-26,6,26,8,372.87,0,2982.94,Representante
2128,2024-10-13,1,46,3,4039.29,10,10906.09,Representante
2129,2024-10-16,1,23,2,4033.56,5,7663.77,Online
2130,2023-04-22,10,10,3,95.14,15,242.6,Loja Física
2131,2023-02-01,6,10,2,359.31,0,718.63,Online
2132,2022-02-19,5,25,2,317.27,5,602.82,Representante
2133,2022-08-30,5,18,3,331.36,15,844.96,Online
2134,2024-04-29,6,2,5,382.25,5,1815.67,Online
2135,2023-11-15,7,28,7,408.22,0,2857.53,Representante
2136,2023-03-11,9,38,2,43.08,0,86.17,Representante
2137,2023-02-17,8,23,3,539.65,15,1376.1,Loja Física
2138,2023-06-06,3,12,4,707.43,0,2829.71,Loja Física
2139,2023-09-07,8,6,4,444.06,10,1598.61,Representante
2140,2023-10-26,10,1,2,89.48,0,178.96,Online
2141,2023-11-14,1,10,8,4276.48,0,34211.8,Loja Física
2142,2022-03-01,5,28,4,374.11,0,1496.43,Online
2143,2023-11-08,4,5,7,1219.96,0,8539.71,Representante
2144,2024-09-08,9,10,6,39.64,5,225.97,Online
2145,2022-10-06,4,43,4,1115.1,5,4237.39,Online
2146,2024-08-01,4,46,7,1252.93,10,7893.43,Loja Física
2147,2024-08-05,2,47,5,290.42,5,1379.48,Representante
2148,2022-04-25,4,46,3,1294.51,10,3495.17,Loja Física
2149,2023-10-09,7,45,6,369.17,10,1993.5,Representante
2150,2022-02-08,6,4,3,451.71,0,1355.12,Representante
2151,2023-11-11,2,44,6,295.76,0,1774.57,Online
2152,2022-11-02,10,24,8,88.37,0,706.94,Online
2153,2023-11-26,7,22,3,365.59,5,1041.93,Representante
2154,2024-12-30,3,9,13,641.89,0,8344.54,Representante
2155,2024-03-08,3,7,2,676.02,0,1352.04,Representante
2156,2022-08-28,5,20,2,341.62,0,683.25,Representante
2157,2023-10-07,10,9,2,94.5,15,160.64,Online
2158,2023-07-11,9,47,1,46.86,5,44.51,Online
2159,2024-10-14,6,20,3,440.43,0,1321.28,Loja Física
2160,2024-07-14,10,19,8,80.13,0,641.01,Online
2161,2024-12-11,5,21,7,361.57,0,2530.98,Online
2162,2022-08-18,1,30,1,4539.6,0,4539.6,Online
2163,2023-02-18,10,49,3,91.02,0,273.06,Loja Física
2164,2024-11-02,3,21,2,612.36,0,1224.73,Loja Física
2165,2024-10-21,8,13,3,518.58,0,1555.74,Online
2166,2023-11-28,7,48,7,324.85,5,2160.28,Representante
2167,2024-12-08,10,3,12,83.45,0,1001.36,Loja Física
2168,2022-10-21,3,15,5,701.34,0,3506.72,Representante
2169,2022-09-29,10,50,5,94.19,0,470.97,Representante
2170,2022-03-16,8,24,4,523.82,5,1990.5,Loja Física
2171,2024-12-05,2,17,6,307.28,0,1843.67,Online
2172,2023-09-29,1,27,5,4800.89,0,24004.47,Representante
2173,2022-06-28,2,36,7,296.64,0,2076.48,Loja Física
2174,2022-04-05,6,44,4,421.91,0,1687.63,Representante
2175,2023-10-02,10,46,3,80.11,0,240.34,Representante
2176,2023-10-02,7,40,5,409.31,15,1739.58,Online
2177,2023-10-20,5,43,2,300.43,0,600.86,Online
2178,2023-08-10,6,4,2,367.91,0,735.82,Representante
2179,2023-10-16,8,12,7,499.81,5,3323.72,Representante
2180,2022-08-29,10,42,2,81.28,0,162.56,Online
2181,2022-11-19,3,7,5,570.2,0,2850.98,Online
2182,2022-02-01,1,22,2,3834.98,10,6902.96,Representante
2183,2024-11-18,9,22,8,39.55,0,316.43,Online
2184,2023-12-19,6,43,7,459.67,10,2895.95,Loja Física
2185,2023-07-10,6,30,5,379.99,0,1899.93,Representante
2186,2023-08-04,2,8,3,268.97,10,726.21,Online
2187,2022-12-17,9,1,4,49.04,0,196.15,Loja Física
2188,2023-11-25,1,29,3,3907.19,10,10549.42,Loja Física
2189,2022-04-14,8,36,2,536.53,0,1073.07,Online
2190,2024-08-22,4,32,3,1201.54,15,3063.92,Online
2191,2022-08-05,1,37,3,4942.09,5,14084.97,Online
2192,2022-06-26,7,23,4,412.15,5,1566.16,Loja Física
2193,2023-01-02,2,9,4,307.93,15,1046.95,Representante
2194,2024-07-02,4,28,6,1068.03,10,5767.37,Loja Física
2195,2023-10-02,8,30,3,446.1,0,1338.3,Online
2196,2024-12-28,5,9,4,334.88,0,1339.51,Loja Física
2197,2022-09-27,6,8,3,414.77,0,1244.32,Representante
2198,2024-08-17,3,36,3,597.63,0,1792.9,Loja Física
2199,2023-09-28,8,31,1,546.84,15,464.82,Representante
2200,2024-08-11,7,42,3,350.64,5,999.33,Online
2201,2023-04-04,4,33,3,1104.08,0,3312.23,Representante
2202,2023-06-13,9,45,6,49.15,0,294.9,Loja Física
2203,2023-01-11,4,50,3,1082.24,15,2759.71,Representante
2204,2023-11-08,4,31,7,1106.91,0,7748.34,Loja Física
2205,2024-09-25,3,6,8,694.04,0,5552.36,Online
2206,2024-08-31,6,33,4,446.23,0,1784.94,Loja Física
2207,2024-09-07,5,35,4,355.17,5,1349.64,Online
2208,2023-08-02,1,41,7,4192.94,0,29350.6,Representante
2209,2022-09-18,7,32,4,341.53,10,1229.52,Online
2210,2024-04-10,8,36,2,469.99,15,798.98,Online
2211,2023-10-30,9,1,2,49.16,10,88.49,Representante
2212,2022-05-26,6,23,3,402.91,0,1208.74,Representante
2213,2024-08-02,7,48,3,348.04,5,991.93,Representante
2214,2024-04-26,5,32,3,350.49,0,1051.47,Representante
2215,2023-05-15,5,17,2,329.44,10,592.99,Online
2216,2024-09-14,5,29,1,349.57,5,332.09,Online
2217,2023-11-29,8,38,12,506.11,0,6073.28,Representante
2218,2024-06-01,1,49,6,4816.71,5,27455.24,Representante
2219,2023-12-02,4,24,10,1282.8,10,11545.22,Representante
2220,2023-04-29,5,28,6,299.53,0,1797.16,Representante
2221,2022-06-09,3,11,4,617.03,15,2097.92,Representante
2222,2024-09-23,7,9,4,381.94,0,1527.78,Representante
2223,2024-08-06,10,20,4,88.5,0,354.02,Representante
2224,2022-07-19,4,8,4,1209.25,5,4595.17,Online
2225,2023-09-23,8,31,6,546.99,5,3117.84,Online
2226,2022-08-11,2,39,3,264.9,15,675.5,Representante
2227,2024-02-16,7,17,2,380.76,0,761.51,Loja Física
2228,2022-05-06,6,14,5,406.14,0,2030.7,Online
2229,2022-10-12,7,49,6,370.76,10,2002.13,Representante
2230,2022-01-01,2,41,3,272.43,0,817.28,Representante
2231,2022-11-02,2,31,7,253.29,5,1684.37,Representante
2232,2023-08-20,3,3,5,595.93,5,2830.65,Representante
2233,2024-07-04,9,6,2,43.88,0,87.77,Online
2234,2023-10-11,9,16,4,40.32,0,161.27,Representante
2235,2023-09-16,5,5,6,354.62,5,2021.34,Representante
2236,2023-12-07,8,41,6,570.55,0,3423.27,Representante
2237,2022-01-17,6,11,1,436.45,10,392.81,Representante
2238,2024-04-07,3,13,1,708.76,0,708.76,Loja Física
2239,2022-05-08,7,10,3,359.65,0,1078.94,Representante
2240,2022-04-19,8,36,2,455.31,0,910.63,Representante
2241,2024-01-06,1,26,3,3999.87,0,11999.61,Loja Física
2242,2022-03-05,8,9,1,508.56,0,508.56,Loja Física
2243,2024-03-18,10,43,4,98.56,15,335.09,Loja Física
2244,2024-02-23,8,28,1,550.18,5,522.67,Loja Física
2245,2024-06-10,1,42,7,4536.5,10,28579.93,Online
2246,2022-12-22,3,45,5,678.18,5,3221.36,Online
2247,2023-01-21,1,35,1,4422.79,10,3980.51,Loja Física
2248,2024-01-08,5,27,3,349.36,5,995.67,Online
2249,2023-08-14,8,23,1,443.88,15,377.3,Online
2250,2022-10-03,8,5,7,521.16,0,3648.1,Online
2251,2022-02-02,9,6,2,46.85,0,93.7,Representante
2252,2024-09-23,4,17,5,1159.0,15,4925.75,Loja Física
2253,2022-10-06,1,28,7,4801.45,0,33610.17,Online
2254,2024-05-01,8,11,3,442.44,5,1260.95,Representante
2255,2024-05-21,6,41,4,430.15,10,1548.55,Online
2256,2024-07-19,1,33,1,4609.83,10,4148.85,Loja Física
2257,2024-07-10,10,27,3,87.21,5,248.54,Loja Física
2258,2023-04-08,9,13,6,47.77,0,286.62,Loja Física
2259,2022-01-16,4,27,2,1297.42,10,2335.35,Loja Física
2260,2023-04-30,1,20,5,4587.92,15,19498.68,Representante
2261,2023-07-06,4,14,3,1298.03,5,3699.39,Representante
2262,2024-01-22,8,23,3,564.67,0,1694.01,Online
2263,2024-09-16,9,49,3,40.49,15,103.26,Loja Física
2264,2022-08-20,8,22,3,567.31,10,1531.75,Loja Física
2265,2022-06-13,10,42,3,92.3,0,276.91,Representante
2266,2024-12-14,2,46,9,280.64,0,2525.72,Loja Física
2267,2024-11-24,3,24,13,691.49,0,8989.38,Representante
2268,2022-07-01,6,23,7,453.3,0,3173.13,Loja Física
2269,2022-06-09,4,9,4,1175.85,15,3997.88,Representante
2270,2023-10-02,4,33,6,1308.81,10,7067.57,Online
2271,2023-12-05,5,12,11,306.08,10,3030.17,Online
2272,2024-08-18,8,35,4,547.32,5,2079.82,Representante
2273,2024-08-18,8,27,6,513.64,10,2773.68,Representante
2274,2023-11-10,10,25,8,95.3,5,724.28,Loja Física
2275,2023-08-27,4,19,5,1104.64,0,5523.18,Online
2276,2022-03-14,6,23,1,401.69,15,341.44,Representante
2277,2023-09-15,10,30,4,82.58,15,280.78,Representante
2278,2023-06-18,10,35,7,85.86,0,601.03,Representante
2279,2024-08-27,6,45,4,427.72,10,1539.8,Online
2280,2022-04-16,7,6,3,367.12,15,936.16,Loja Física
2281,2022-02-25,1,45,6,4715.98,0,28295.87,Loja Física
2282,2022-06-18,8,35,4,501.65,0,2006.59,Representante
2283,2022-06-07,1,43,2,4581.17,0,9162.33,Loja Física
2284,2022-09-29,7,38,3,363.91,10,982.56,Loja Física
2285,2023-07-18,1,1,8,4348.92,0,34791.4,Online
2286,2022-08-17,6,6,4,393.4,10,1416.23,Online
2287,2022-11-06,1,17,5,4488.72,15,19077.08,Loja Física
2288,2024-01-28,9,13,3,45.27,0,135.82,Loja Física
2289,2023-04-29,2,2,2,289.45,5,549.95,Online
2290,2024-12-16,3,21,7,595.11,0,4165.76,Loja Física
2291,2022-06-22,10,19,2,96.81,0,193.63,Representante
2292,2022-11-12,4,25,7,1155.92,5,7686.89,Loja Física
2293,2024-02-24,5,5,1,323.69,0,323.69,Representante
2294,2024-06-20,9,34,5,47.76,15,202.98,Representante
2295,2022-12-09,8,37,9,545.25,0,4907.21,Representante
2296,2023-12-08,5,37,10,298.08,0,2980.82,Representante
2297,2023-06-26,10,19,6,88.59,0,531.55,Online
2298,2022-12-10,9,37,8,46.65,5,354.52,Loja Física
2299,2024-09-02,1,25,2,4175.25,0,8350.5,Loja Física
2300,2024-12-26,10,40,8,88.65,0,709.2,Loja Física
2301,2024-03-09,2,35,1,274.55,5,260.82,Loja Física
2302,2022-10-25,8,29,3,545.75,10,1473.52,Loja Física
2303,2022-01-25,10,25,2,88.04,0,176.09,Loja Física
2304,2024-02-22,3,25,2,606.02,15,1030.23,Loja Física
2305,2024-12-21,7,19,8,365.81,15,2487.52,Online
2306,2022-07-19,5,3,4,339.45,10,1222.02,Representante
2307,2023-12-26,6,50,7,379.14,5,2521.29,Representante
2308,2023-07-13,1,4,1,4814.65,0,4814.65,Loja Física
2309,2023-07-01,2,42,1,247.37,0,247.37,Loja Física
2310,2024-03-12,5,40,5,317.8,5,1509.56,Representante
2311,2023-05-11,7,35,1,342.89,15,291.45,Representante
2312,2023-02-04,7,13,2,335.33,10,603.59,Loja Física
2313,2023-01-04,3,42,4,630.09,0,2520.38,Representante
2314,2022-01-22,5,39,4,321.83,15,1094.22,Online
2315,2022-05-20,6,34,2,421.25,0,842.51,Loja Física
2316,2022-07-20,7,35,4,335.44,10,1207.6,Online
2317,2024-07-02,1,9,7,4054.45,0,28381.18,Online
2318,2023-08-04,10,18,2,82.33,0,164.66,Online
2319,2022-03-11,8,12,2,560.83,0,1121.65,Representante
2320,2022-07-08,10,50,7,78.86,0,552.05,Representante
2321,2023-03-21,6,4,5,414.01,10,1863.05,Representante
2322,2022-09-07,10,26,5,91.28,15,387.96,Online
2323,2022-06-26,5,13,3,304.16,10,821.23,Online
2324,2024-02-09,6,40,3,440.93,15,1124.38,Representante
2325,2023-01-14,3,29,4,636.81,0,2547.24,Representante
2326,2023-01-13,9,22,5,40.37,0,201.83,Loja Física
2327,2024-08-14,6,13,3,364.7,15,929.99,Online
2328,2024-07-17,3,38,6,623.54,0,3741.22,Loja Física
2329,2023-10-25,6,23,6,401.31,0,2407.84,Online
2330,2022-06-01,6,10,2,442.07,0,884.14,Online
2331,2024-02-23,2,14,1,303.84,5,288.65,Loja Física
2332,2022-05-04,8,44,4,488.93,0,1955.7,Loja Física
2333,2022-12-31,7,34,3,412.5,5,1175.64,Online
2334,2024-10-04,1,16,2,4606.97,0,9213.94,Representante
2335,2024-03-15,6,41,4,430.32,0,1721.29,Representante
2336,2024-10-04,7,15,2,352.55,0,705.1,Online
2337,2024-06-02,7,28,3,353.37,0,1060.1,Representante
2338,2022-08-06,7,21,2,400.84,5,761.59,Representante
2339,2023-06-15,2,10,3,294.02,0,882.06,Online
2340,2022-05-30,9,31,1,46.28,0,46.28,Representante
2341,2023-05-29,2,28,5,253.48,5,1204.04,Online
2342,2024-10-16,6,48,5,361.93,0,1809.67,Representante
2343,2022-01-02,6,26,4,409.11,0,1636.43,Representante
2344,2024-03-10,8,15,8,480.39,0,3843.13,Online
2345,2023-11-07,5,7,7,343.24,5,2282.55,Representante
2346,2022-01-08,8,33,2,481.46,10,866.64,Representante
2347,2024-10-01,4,29,8,1026.99,5,7805.11,Loja Física
2348,2024-04-07,1,46,1,4625.99,15,3932.1,Online
2349,2023-04-08,7,13,5,338.69,0,1693.47,Loja Física
2350,2024-09-14,5,39,7,365.0,0,2555.03,Representante
2351,2024-01-06,6,11,3,437.68,0,1313.03,Representante
2352,2023-09-13,2,47,4,300.85,5,1143.22,Online
2353,2022-07-05,7,33,3,405.23,0,1215.69,Representante
2354,2023-11-28,2,3,6,290.72,0,1744.35,Loja Física
2355,2023-08-17,5,32,3,352.82,15,899.7,Online
2356,2022-12-28,3,29,4,624.06,10,2246.63,Online
2357,2024-02-26,6,36,1,411.39,15,349.68,Online
2358,2023-09-05,8,45,1,517.21,15,439.62,Loja Física
2359,2022-08-07,1,13,1,4797.9,15,4078.22,Representante
2360,2024-01-06,7,40,1,404.68,5,384.44,Online
2361,2024-06-15,3,18,4,567.0,15,1927.79,Online
2362,2022-10-14,9,12,2,40.71,0,81.42,Online
2363,2022-02-21,6,39,2,360.66,15,613.11,Representante
2364,2023-05-04,7,10,2,404.16,5,767.9,Loja Física
2365,2022-05-10,4,29,1,1224.66,10,1102.19,Representante
2366,2023-09-23,1,7,3,4584.99,5,13067.23,Representante
2367,2024-07-09,6,19,4,394.77,0,1579.09,Online
2368,2023-11-26,2,43,8,242.93,0,1943.46,Loja Física
2369,2022-03-29,1,10,1,4349.81,5,4132.32,Online
2370,2023-03-10,2,48,1,290.96,15,247.32,Representante
2371,2024-12-07,5,47,3,350.74,5,999.6,Representante
2372,2022-11-02,2,4,5,286.43,15,1217.34,Representante
2373,2023-04-23,6,32,2,387.46,0,774.92,Online
2374,2022-10-17,1,33,1,4612.84,5,4382.2,Representante
2375,2022-02-09,1,30,1,4871.7,5,4628.12,Representante
2376,2022-04-04,3,18,4,573.47,0,2293.9,Representante
2377,2022-09-25,5,15,3,348.01,0,1044.02,Online
2378,2022-04-13,8,8,2,464.08,0,928.16,Online
2379,2024-07-23,4,5,5,1241.52,10,5586.82,Online
2380,2022-05-11,8,39,2,500.86,0,1001.72,Online
2381,2024-10-15,10,45,4,77.33,10,278.39,Representante
2382,2023-03-28,6,13,1,407.93,0,407.93,Online
2383,2024-05-22,10,6,3,79.22,0,237.67,Representante
2384,2024-04-03,7,3,3,326.99,0,980.96,Online
2385,2022-10-09,7,9,2,393.28,0,786.56,Online
2386,2022-04-04,4,4,2,1062.0,10,1911.6,Online
2387,2023-11-19,4,13,9,1057.4,0,9516.62,Online
2388,2023-07-15,5,8,2,330.28,0,660.55,Loja Física
2389,2022-12-11,8,3,5,452.35,15,1922.49,Loja Física
2390,2022-12-04,7,12,8,326.48,5,2481.22,Online
2391,2022-03-25,4,4,3,1172.18,0,3516.55,Online
2392,2024-02-10,8,41,1,484.69,0,484.69,Online
2393,2024-09-24,3,43,5,710.43,0,3552.15,Online
2394,2022-01-15,9,22,4,46.23,0,184.93,Online
2395,2023-08-05,5,16,2,319.29,5,606.66,Representante
2396,2024-09-01,8,50,3,528.06,15,1346.55,Online
2397,2023-02-27,5,14,4,375.21,0,1500.83,Representante
2398,2023-07-09,5,15,7,372.21,10,2344.93,Loja Física
2399,2024-04-23,9,36,5,40.49,0,202.46,Online
2400,2022-03-19,3,39,3,563.09,10,1520.33,Online
2401,2024-10-20,5,31,4,302.24,10,1088.08,Online
2402,2023-09-09,3,12,3,675.54,0,2026.61,Loja Física
2403,2022-01-10,8,15,5,530.08,10,2385.35,Online
2404,2023-01-29,6,45,1,461.03,0,461.03,Representante
2405,2022-07-15,7,6,4,372.1,10,1339.55,Loja Física
2406,2024-11-05,10,45,5,87.56,0,437.79,Loja Física
2407,2023-03-03,4,23,5,1074.72,0,5373.6,Online
2408,2023-02-01,5,28,1,362.9,0,362.9,Online
2409,2024-08-29,9,43,7,47.55,5,316.18,Online
2410,2022-11-24,7,5,8,411.51,15,2798.24,Online
2411,2022-04-21,7,33,8,355.66,15,2418.52,Loja Física
2412,2023-08-07,5,16,4,300.32,0,1201.29,Loja Física
2413,2023-05-30,5,42,3,340.39,0,1021.17,Representante
2414,2024-07-17,5,49,5,372.05,0,1860.24,Online
2415,2022-04-18,8,38,5,478.66,10,2153.99,Online
2416,2022-11-20,10,12,3,84.09,0,252.26,Loja Física
2417,2024-11-20,7,27,5,417.93,0,2089.65,Online
2418,2023-04-27,1,13,4,4293.36,15,14597.42,Loja Física
2419,2023-10-30,5,23,4,311.81,5,1184.86,Online
2420,2023-10-30,5,9,2,305.9,0,611.79,Online
2421,2023-10-30,4,34,4,1290.58,0,5162.33,Online
2422,2023-05-01,9,45,1,43.0,15,36.55,Loja Física
2423,2023-02-14,7,1,5,366.46,5,1740.71,Online
2424,2022-05-31,2,13,2,258.09,5,490.37,Representante
2425,2024-09-19,4,31,3,1065.86,0,3197.59,Loja Física
2426,2022-10-24,8,17,3,541.93,0,1625.79,Representante
2427,2024-07-20,10,14,5,84.5,0,422.49,Loja Física
2428,2024-02-04,1,48,4,3950.93,0,15803.71,Loja Física
2429,2023-02-02,2,40,4,251.21,15,854.11,Loja Física
2430,2023-07-07,2,47,9,255.63,0,2300.66,Loja Física
2431,2022-09-18,9,20,3,42.36,0,127.09,Representante
2432,2022-05-03,10,38,1,93.6,0,93.6,Online
2433,2022-08-16,10,37,1,93.99,5,89.29,Loja Física
2434,2024-05-06,10,22,5,96.75,0,483.75,Loja Física
2435,2023-03-27,6,14,3,429.29,0,1287.88,Representante
2436,2022-11-18,3,24,7,564.25,15,3357.26,Representante
2437,2022-12-15,2,11,7,282.05,10,1776.89,Representante
2438,2023-04-16,6,19,6,450.55,0,2703.28,Loja Física
2439,2024-12-04,3,32,6,672.27,5,3831.91,Online
2440,2024-08-27,8,21,5,482.29,5,2290.89,Loja Física
2441,2022-01-30,7,25,1,353.38,15,300.37,Loja Física
2442,2023-05-21,1,41,3,4552.69,0,13658.06,Loja Física
2443,2024-06-08,3,10,7,607.11,10,3824.8,Online
2444,2022-11-02,5,3,7,313.76,10,1976.67,Online
2445,2024-05-05,10,22,3,80.44,0,241.31,Online
2446,2024-08-21,9,21,3,42.53,15,108.44,Representante
2447,2022-03-10,2,32,6,301.0,5,1715.71,Representante
2448,2024-03-18,9,25,2,46.44,5,88.24,Representante
2449,2022-07-20,3,41,4,695.11,5,2641.4,Loja Física
2450,2023-05-08,3,15,3,576.72,0,1730.15,Representante
2451,2022-01-26,6,43,3,373.94,15,953.55,Representante
2452,2024-04-12,5,43,3,340.39,0,1021.18,Online
2453,2024-01-05,2,50,1,272.06,0,272.06,Online
2454,2022-07-05,4,49,4,1122.03,0,4488.1,Loja Física
2455,2023-09-17,3,36,4,642.52,0,2570.07,Representante
2456,2024-07-29,2,7,2,250.54,10,450.98,Representante
2457,2022-02-19,10,12,1,89.48,5,85.01,Loja Física
2458,2022-10-11,3,34,4,567.8,15,1930.5,Loja Física
2459,2023-01-14,2,9,1,266.94,0,266.94,Representante
2460,2024-08-08,10,47,7,83.85,15,498.88,Representante
2461,2022-01-03,1,42,1,4535.32,15,3855.02,Online
2462,2024-02-28,6,26,1,400.11,15,340.1,Loja Física
2463,2024-12-23,10,48,6,97.58,0,585.46,Loja Física
2464,2024-05-22,8,35,2,531.63,0,1063.26,Representante
2465,2023-03-01,10,17,3,87.32,15,222.66,Online
2466,2023-11-19,4,50,5,1219.46,15,5182.7,Online
2467,2024-11-20,10,21,6,96.77,15,493.53,Loja Física
2468,2022-04-16,8,33,1,461.57,0,461.57,Loja Física
2469,2024-01-19,7,22,4,370.98,5,1409.71,Representante
2470,2022-03-25,5,46,1,372.14,0,372.14,Loja Física
2471,2022-12-25,6,28,5,399.95,15,1699.8,Representante
2472,2022-05-18,7,23,3,352.62,10,952.08,Representante
2473,2023-02-24,3,16,1,712.8,0,712.8,Loja Física
2474,2023-05-04,10,46,4,93.34,10,336.04,Online
2475,2024-09-06,4,9,5,1033.13,15,4390.8,Representante
2476,2023-03-06,6,34,1,406.8,15,345.78,Online
2477,2023-10-19,1,14,3,3937.66,0,11812.99,Loja Física
2478,2024-10-28,2,39,4,254.24,15,864.42,Loja Física
2479,2023-07-22,1,18,5,4409.42,0,22047.12,Online
2480,2024-02-03,3,17,2,579.48,0,1158.96,Loja Física
2481,2024-09-22,2,15,4,242.28,10,872.23,Representante
2482,2022-09-09,1,37,2,4936.19,5,9378.76,Representante
2483,2024-12-25,4,24,11,1226.21,15,11465.03,Representante
2484,2023-08-22,3,44,3,712.25,5,2029.91,Representante
2485,2024-01-24,2,17,1,239.72,15,203.76,Representante
2486,2022-05-15,4,28,3,1163.53,0,3490.58,Loja Física
2487,2022-06-28,4,49,5,1091.64,0,5458.22,Loja Física
2488,2023-01-02,6,46,2,434.84,0,869.67,Online
2489,2022-08-12,8,9,2,526.27,0,1052.53,Loja Física
2490,2022-08-18,4,26,7,1136.4,15,6761.56,Online
2491,2024-10-13,6,46,5,365.95,0,1829.77,Online
2492,2024-12-02,5,18,3,309.52,15,789.27,Online
2493,2023-08-24,9,8,9,48.48,5,414.48,Representante
2494,2022-09-28,4,41,2,1308.68,5,2486.49,Loja Física
2495,2024-05-10,2,47,1,296.18,5,281.37,Representante
2496,2022-02-13,7,28,1,371.95,0,371.95,Online
2497,2022-05-09,6,15,7,435.69,0,3049.82,Online
2498,2024-11-30,4,19,5,1129.26,15,4799.37,Loja Física
2499,2024-04-23,8,48,1,514.01,10,462.61,Loja Física
2500,2023-10-31,2,18,2,268.64,5,510.42,Representante
2501,2024-12-21,3,40,9,591.27,10,4789.32,Loja Física
2502,2024-07-26,8,22,7,469.45,0,3286.18,Representante
2503,2022-09-28,7,30,1,367.75,0,367.75,Online
2504,2023-06-17,9,10,6,46.68,0,280.09,Loja Física
2505,2024-02-01,1,8,1,4432.79,0,4432.79,Online
2506,2022-10-31,6,50,3,363.62,0,1090.86,Loja Física
2507,2024-07-22,8,32,4,455.33,0,1821.31,Representante
2508,2022-11-26,7,21,4,371.92,15,1264.53,Representante
2509,2023-08-08,8,47,4,529.73,0,2118.92,Online
2510,2022-11-11,8,9,4,486.19,0,1944.74,Online
2511,2022-08-28,2,18,3,273.04,0,819.11,Loja Física
2512,2022-09-17,8,47,2,536.76,5,1019.84,Loja Física
2513,2024-01-28,6,43,4,419.0,0,1675.99,Online
2514,2022-03-13,4,36,5,1195.16,15,5079.41,Loja Física
2515,2023-12-06,10,24,13,94.34,0,1226.42,Loja Física
2516,2024-07-07,8,7,4,553.71,10,1993.35,Online
2517,2024-12-28,7,35,7,390.64,0,2734.5,Online
2518,2022-02-21,10,38,1,96.18,5,91.37,Loja Física
2519,2022-10-25,5,6,6,301.83,5,1720.43,Loja Física
2520,2022-11-16,3,15,4,644.48,0,2577.91,Representante
2521,2024-11-05,6,4,8,374.19,0,2993.54,Representante
2522,2023-08-29,9,36,5,45.82,5,217.64,Loja Física
2523,2022-10-29,8,22,7,542.86,10,3420.04,Representante
2524,2024-06-24,2,26,3,297.95,0,893.86,Representante
2525,2022-08-19,5,6,1,301.68,15,256.43,Loja Física
2526,2022-03-24,6,9,7,365.21,0,2556.45,Representante
2527,2022-08-28,1,44,5,4478.38,0,22391.92,Online
2528,2024-04-02,7,1,3,379.35,10,1024.23,Online
2529,2024-07-02,5,22,4,307.25,0,1229.0,Online
2530,2023-10-31,8,7,4,452.02,0,1808.07,Representante
2531,2023-02-04,10,13,3,88.68,10,239.43,Representante
2532,2023-03-31,10,29,1,84.43,0,84.43,Online
2533,2022-02-16,6,3,1,366.05,0,366.05,Representante
2534,2024-07-01,4,38,3,1066.78,15,2720.28,Representante
2535,2022-06-28,2,31,3,288.52,10,779.0,Loja Física
2536,2023-02-03,5,5,3,353.43,5,1007.28,Loja Física
2537,2024-11-13,8,19,6,459.48,0,2756.87,Representante
2538,2024-01-10,10,25,6,78.34,5,446.52,Online
2539,2024-05-25,4,10,2,1216.57,0,2433.15,Loja Física
2540,2024-02-03,2,41,3,241.55,0,724.64,Loja Física
2541,2023-12-08,8,3,4,569.03,0,2276.1,Loja Física
2542,2024-07-01,2,5,5,240.54,10,1082.41,Online
2543,2023-03-18,2,26,3,265.27,15,676.44,Loja Física
2544,2024-05-01,6,40,5,361.27,5,1716.04,Loja Física
2545,2022-12-02,4,41,4,1164.16,15,3958.13,Loja Física
2546,2024-04-28,3,48,7,604.31,0,4230.16,Representante
2547,2022-06-26,6,40,7,437.24,0,3060.69,Online
2548,2023-09-14,2,25,6,242.41,5,1381.73,Representante
2549,2023-11-18,4,10,4,1021.66,0,4086.63,Representante
2550,2024-02-09,6,18,2,373.1,0,746.19,Online
2551,2024-04-18,6,14,6,457.62,15,2333.85,Loja Física
2552,2024-04-28,2,40,4,283.03,0,1132.13,Representante
2553,2024-08-04,5,16,7,358.14,15,2130.92,Representante
2554,2022-10-08,5,28,6,363.93,0,2183.61,Online
2555,2024-02-21,2,15,3,245.41,0,736.22,Representante
2556,2024-10-01,10,21,4,98.81,0,395.24,Loja Física
2557,2023-09-15,6,8,5,455.85,5,2165.28,Representante
2558,2024-08-07,8,13,6,510.42,0,3062.54,Online
2559,2022-01-06,4,18,2,1027.26,0,2054.52,Loja Física
2560,2023-09-07,6,42,4,386.6,15,1314.43,Representante
2561,2024-08-25,1,1,2,4593.13,0,9186.26,Representante
2562,2023-08-13,6,46,1,415.82,5,395.03,Online
2563,2024-10-04,7,44,5,324.4,15,1378.71,Representante
2564,2023-05-17,9,48,4,47.95,0,191.79,Online
2565,2023-07-22,9,23,6,40.88,5,233.04,Online
2566,2024-01-11,6,16,1,442.51,10,398.26,Loja Física
2567,2024-06-12,7,50,5,333.77,0,1668.84,Representante
2568,2024-09-01,8,47,2,451.36,15,767.31,Online
2569,2024-02-04,9,22,3,47.94,10,129.45,Representante
2570,2022-02-05,5,17,2,331.86,0,663.71,Online
2571,2022-04-30,1,2,1,4143.94,0,4143.94,Loja Física
2572,2024-08-02,5,18,3,308.23,15,786.0,Online
2573,2024-01-02,4,39,1,1047.14,0,1047.14,Online
2574,2023-07-13,8,27,4,530.95,0,2123.8,Loja Física
2575,2023-12-31,1,34,5,3911.89,0,19559.43,Loja Física
2576,2023-08-21,1,31,3,3956.27,10,10681.94,Representante
2577,2022-06-07,6,43,4,373.57,10,1344.86,Online
2578,2023-01-11,6,25,3,447.32,0,1341.97,Representante
2579,2022-12-09,4,32,6,1032.53,10,5575.69,Loja Física
2580,2023-10-10,9,48,6,39.44,15,201.17,Loja Física
2581,2023-07-10,8,50,5,462.38,15,1965.1,Representante
2582,2024-01-13,9,47,4,41.4,0,165.58,Representante
2583,2023-12-22,9,6,6,44.17,0,265.01,Online
2584,2022-10-08,9,30,1,47.74,10,42.97,Loja Física
2585,2024-02-03,2,10,4,269.0,5,1022.21,Loja Física
2586,2023-11-28,8,14,5,547.82,0,2739.09,Online
2587,2023-03-23,9,43,4,45.41,0,181.66,Representante
2588,2023-03-29,4,6,2,1311.48,0,2622.96,Representante
2589,2024-12-12,10,15,5,79.23,10,356.52,Representante
2590,2022-08-22,3,21,3,607.2,5,1730.52,Loja Física
2591,2022-06-06,5,22,4,329.43,0,1317.72,Online
2592,2022-02-05,5,49,2,355.25,5,674.98,Loja Física
2593,2023-10-01,7,23,6,386.09,15,1969.04,Loja Física
2594,2022-10-12,4,49,4,1293.17,5,4914.04,Representante
2595,2024-12-07,8,4,9,471.18,0,4240.59,Online
2596,2023-09-16,9,32,3,45.63,0,136.89,Representante
2597,2022-08-31,8,19,2,553.21,0,1106.42,Online
2598,2022-10-19,4,16,2,1074.17,15,1826.09,Online
2599,2023-09-22,4,29,3,1156.3,0,3468.9,Online
2600,2022-09-24,7,44,3,349.49,0,1048.46,Loja Física
2601,2022-08-17,3,11,3,621.52,0,1864.55,Online
2602,2024-09-18,7,9,6,394.73,5,2249.94,Online
2603,2023-02-07,3,7,2,616.45,0,1232.9,Online
2604,2024-11-17,9,23,8,41.07,10,295.73,Online
2605,2024-08-18,2,27,2,277.08,0,554.16,Loja Física
2606,2022-03-30,5,28,2,351.87,0,703.74,Loja Física
2607,2022-01-22,10,14,1,87.89,0,87.89,Online
2608,2023-02-25,3,8,2,682.48,10,1228.47,Online
2609,2023-01-14,8,28,5,475.39,15,2020.42,Loja Física
2610,2022-03-01,4,31,4,1044.47,0,4177.89,Online
2611,2023-07-23,6,25,4,439.55,10,1582.39,Loja Física
2612,2023-12-23,5,15,8,328.41,0,2627.29,Representante
2613,2023-05-11,7,34,5,340.15,10,1530.66,Representante
2614,2022-05-20,2,10,3,258.76,0,776.27,Representante
2615,2022-01-29,10,41,1,93.91,10,84.52,Online
2616,2023-01-28,10,18,2,95.04,0,190.08,Online
2617,2022-01-09,4,36,2,1167.83,15,1985.31,Online
2618,2023-03-15,7,44,2,401.93,10,723.47,Representante
2619,2024-08-30,4,19,3,1127.47,0,3382.41,Representante
2620,2023-01-15,1,23,1,4723.04,5,4486.89,Representante
2621,2022-08-08,9,44,3,45.86,0,137.59,Loja Física
2622,2024-02-17,5,9,3,347.9,5,991.53,Online
2623,2024-11-19,5,17,4,336.75,0,1347.01,Loja Física
2624,2022-08-20,9,2,2,44.71,0,89.42,Online
2625,2024-08-12,5,8,6,345.1,0,2070.62,Representante
2626,2022-10-06,9,27,2,44.08,5,83.76,Loja Física
2627,2023-08-14,5,30,1,360.84,10,324.76,Representante
2628,2022-03-25,9,12,1,45.38,0,45.38,Loja Física
2629,2024-10-08,2,49,5,264.28,0,1321.38,Loja Física
2630,2023-08-04,7,6,7,401.28,5,2668.49,Representante
2631,2023-10-01,4,14,3,1286.77,15,3281.26,Loja Física
2632,2023-04-08,9,39,2,46.64,10,83.95,Loja Física
2633,2023-08-19,9,45,8,46.16,5,350.83,Online
2634,2022-05-23,2,17,4,284.72,5,1081.94,Representante
2635,2024-01-23,3,9,1,656.78,0,656.78,Online
2636,2024-10-03,3,29,2,588.53,15,1000.51,Online
2637,2024-03-22,1,28,5,4828.32,5,22934.54,Representante
2638,2022-06-24,8,3,6,571.78,0,3430.68,Online
2639,2024-03-19,8,11,3,546.79,5,1558.36,Representante
2640,2022-07-28,4,6,5,1030.25,15,4378.55,Online
2641,2022-05-13,2,24,2,260.57,0,521.14,Online
2642,2023-11-25,6,17,8,429.21,0,3433.65,Representante
2643,2024-04-07,6,15,5,377.27,0,1886.33,Online
2644,2024-05-19,7,24,5,380.33,15,1616.39,Loja Física
2645,2023-07-25,4,39,1,1067.21,15,907.13,Representante
2646,2023-07-14,10,25,6,91.86,15,468.5,Loja Física
2647,2023-12-31,9,19,10,48.76,5,463.21,Representante
2648,2024-04-08,5,39,5,384.68,5,1827.23,Representante
2649,2023-07-26,5,4,6,322.23,0,1933.36,Loja Física
2650,2022-08-10,5,37,2,314.59,0,629.17,Loja Física
2651,2024-09-29,5,6,6,306.99,5,1749.85,Online
2652,2022-10-03,9,5,1,44.67,0,44.67,Online
2653,2022-04-19,6,13,1,444.85,0,444.85,Loja Física
2654,2022-02-24,5,8,1,305.56,0,305.56,Loja Física
2655,2023-11-01,3,13,7,577.4,0,4041.83,Loja Física
2656,2022-07-17,8,15,3,455.86,0,1367.59,Representante
2657,2024-11-30,9,11,5,38.64,5,183.56,Loja Física
2658,2023-02-18,7,50,1,330.53,0,330.53,Representante
2659,2024-10-16,5,41,5,345.1,5,1639.24,Representante
2660,2023-06-20,2,25,2,259.28,10,466.7,Loja Física
2661,2022-02-06,7,4,2,412.67,0,825.35,Loja Física
2662,2022-09-01,10,48,2,87.38,5,166.02,Loja Física
2663,2023-10-07,7,47,3,412.49,5,1175.59,Loja Física
2664,2024-07-30,7,29,3,324.86,0,974.59,Online
2665,2022-12-29,6,4,3,445.85,10,1203.8,Representante
2666,2023-09-13,10,21,2,85.97,15,146.15,Online
2667,2024-10-03,2,40,7,270.53,5,1799.0,Online
2668,2023-10-02,4,25,6,1074.7,15,5480.95,Loja Física
2669,2024-09-25,9,46,4,38.78,0,155.13,Representante
2670,2024-10-01,9,31,5,40.93,15,173.93,Representante
2671,2024-08-20,10,14,6,94.37,5,537.92,Representante
2672,2022-11-17,3,20,5,698.59,10,3143.63,Online
2673,2024-03-12,10,13,8,84.88,0,679.02,Loja Física
2674,2024-02-13,7,39,1,358.3,10,322.47,Representante
2675,2023-12-24,10,47,2,87.99,0,175.97,Loja Física
2676,2022-05-06,6,43,4,443.4,0,1773.58,Representante
2677,2022-04-03,9,12,4,45.44,0,181.77,Loja Física
2678,2023-12-16,7,38,2,392.73,15,667.64,Representante
2679,2022-02-25,3,29,1,663.18,15,563.71,Loja Física
2680,2024-02-19,10,17,1,94.24,0,94.24,Loja Física
2681,2023-12-08,2,8,8,244.09,0,1952.71,Loja Física
2682,2023-12-21,9,21,5,45.66,0,228.31,Representante
2683,2023-05-16,1,8,1,4642.42,0,4642.42,Online
2684,2023-10-02,9,12,2,43.39,10,78.1,Online
2685,2022-05-15,10,2,7,82.5,0,577.49,Online
2686,2023-11-23,10,24,2,84.59,0,169.19,Online
2687,2023-10-30,4,31,2,1238.53,0,2477.07,Loja Física
2688,2024-05-15,6,44,4,435.45,10,1567.6,Representante
2689,2024-05-12,1,25,5,3846.11,0,19230.54,Online
2690,2024-08-19,7,45,7,344.21,10,2168.5,Online
2691,2023-10-11,10,39,2,77.02,5,146.35,Representante
2692,2024-03-10,4,2,5,1128.35,0,5641.75,Representante
2693,2022-07-20,5,27,8,356.08,5,2706.19,Online
2694,2023-02-26,1,14,1,4247.09,0,4247.09,Loja Física
2695,2024-10-26,7,1,6,380.78,15,1941.96,Loja Física
2696,2022-12-08,2,22,4,261.66,10,941.98,Loja Física
2697,2024-01-15,1,17,3,3857.65,5,10994.3,Online
2698,2024-10-14,3,26,1,661.96,15,562.66,Online
2699,2023-03-15,9,44,4,46.77,0,187.07,Loja Física
2700,2022-04-08,2,30,1,289.47,0,289.47,Representante
2701,2024-04-03,3,6,3,687.11,0,2061.34,Representante
2702,2022-07-08,4,20,3,1047.96,15,2672.29,Representante
2703,2022-07-14,1,19,2,4212.6,10,7582.68,Loja Física
2704,2023-07-14,7,41,6,340.74,0,2044.45,Representante
2705,2024-12-23,8,16,6,484.48,5,2761.54,Loja Física
2706,2023-03-06,6,36,4,447.52,0,1790.07,Online
2707,2023-09-11,4,21,3,1182.34,10,3192.32,Loja Física
2708,2024-06-05,2,13,2,302.4,15,514.09,Representante
2709,2023-10-04,6,40,5,384.71,0,1923.57,Loja Física
2710,2024-04-03,2,47,2,242.18,0,484.36,Representante
2711,2024-11-21,9,10,4,38.66,5,146.91,Representante
2712,2023-01-05,4,19,2,1161.71,0,2323.43,Representante
2713,2024-11-23,2,11,18,247.17,0,4448.99,Representante
2714,2024-10-19,2,23,5,302.73,0,1513.67,Representante
2715,2024-08-15,5,33,7,314.11,0,2198.8,Representante
2716,2024-12-27,7,46,6,349.36,10,1886.56,Loja Física
2717,2022-05-03,1,15,3,4906.58,10,13247.76,Online
2718,2024-01-17,1,31,2,4589.4,5,8719.86,Online
2719,2023-05-08,7,3,2,405.85,0,811.7,Representante
2720,2023-09-07,2,15,3,260.82,5,743.33,Loja Física
2721,2023-10-15,4,34,1,1175.76,0,1175.76,Representante
2722,2023-02-21,2,24,3,294.67,5,839.8,Loja Física
2723,2023-08-11,3,38,4,557.61,15,1895.87,Online
2724,2023-06-10,2,10,7,264.09,15,1571.36,Representante
2725,2023-04-29,2,13,3,295.79,5,843.01,Online
2726,2022-08-21,3,40,4,679.86,0,2719.44,Online
2727,2022-02-26,8,23,1,484.85,0,484.85,Loja Física
2728,2024-08-08,7,40,2,327.29,5,621.85,Representante
2729,2024-06-12,7,24,5,353.55,5,1679.39,Representante
2730,2022-03-17,5,7,1,361.55,0,361.55,Online
2731,2023-07-13,10,15,3,92.72,0,278.17,Online
2732,2023-06-14,9,30,5,46.61,0,233.03,Representante
2733,2022-12-27,5,49,3,351.44,15,896.18,Online
2734,2024-09-22,10,15,2,77.7,0,155.4,Online
2735,2022-06-21,1,8,5,4047.11,0,20235.57,Representante
2736,2023-09-03,1,1,2,3995.71,0,7991.42,Loja Física
2737,2024-01-15,7,34,6,337.86,15,1723.09,Representante
2738,2022-07-04,10,34,1,92.35,5,87.74,Representante
2739,2022-10-15,7,32,4,394.71,0,1578.83,Online
2740,2024-10-21,5,44,5,350.25,0,1751.27,Representante
2741,2024-12-11,6,23,8,439.47,0,3515.77,Loja Física
2742,2022-07-04,5,16,5,326.79,0,1633.94,Representante
2743,2022-09-08,1,33,3,4730.55,0,14191.66,Loja Física
2744,2024-03-09,1,29,2,4660.29,15,7922.49,Representante
2745,2023-04-29,5,15,2,328.22,5,623.62,Online
2746,2022-10-23,1,43,1,4656.27,0,4656.27,Online
2747,2023-03-15,4,31,4,1039.67,0,4158.67,Loja Física
2748,2024-04-16,4,16,6,1256.39,0,7538.33,Representante
2749,2022-04-25,2,47,3,258.65,5,737.17,Representante
2750,2024-02-07,3,36,2,710.7,15,1208.19,Online
2751,2023-10-11,10,24,4,97.81,10,352.13,Loja Física
2752,2024-08-30,10,41,3,79.87,15,203.66,Online
2753,2023-07-23,7,24,6,349.92,0,2099.51,Loja Física
2754,2024-08-31,10,49,5,77.26,15,328.36,Loja Física
2755,2023-09-24,3,23,4,675.92,0,2703.68,Representante
2756,2022-03-13,7,45,2,397.96,15,676.54,Representante
2757,2022-04-22,5,28,4,329.18,15,1119.23,Representante
2758,2023-05-06,4,44,2,1124.4,0,2248.79,Representante
2759,2024-02-27,3,25,2,662.85,0,1325.69,Representante
2760,2024-01-14,6,25,1,449.58,15,382.14,Online
2761,2024-12-31,5,21,7,346.93,0,2428.5,Loja Física
2762,2024-03-06,6,20,2,425.54,0,851.09,Loja Física
2763,2023-06-08,8,1,1,520.0,0,520.0,Online
2764,2023-04-28,8,22,6,520.47,0,3122.83,Online
2765,2022-11-25,7,47,8,375.93,5,2857.04,Representante
2766,2023-10-12,4,46,2,1035.63,15,1760.57,Loja Física
2767,2022-03-11,5,9,7,351.17,0,2458.16,Online
2768,2024-10-03,7,27,4,344.8,5,1310.23,Representante
2769,2024-04-25,5,21,2,314.24,0,628.48,Representante
2770,2024-05-15,1,5,4,4653.67,0,18614.69,Online
2771,2023-06-19,10,17,2,80.29,10,144.53,Online
2772,2023-12-22,1,14,11,4360.77,5,45570.03,Representante
2773,2023-11-01,7,20,4,325.2,5,1235.76,Representante
2774,2022-02-26,1,40,1,4635.37,0,4635.37,Representante
2775,2023-01-12,10,14,1,94.0,15,79.9,Loja Física
2776,2022-10-06,1,1,3,4381.85,0,13145.55,Loja Física
2777,2023-02-14,3,27,2,694.27,15,1180.26,Loja Física
2778,2023-10-05,6,4,2,382.18,10,687.93,Online
2779,2022-08-15,9,36,3,44.57,0,133.72,Online
2780,2024-11-23,8,25,5,499.14,15,2121.32,Representante
2781,2022-09-24,5,43,2,331.06,10,595.91,Representante
2782,2024-04-20,3,24,4,650.47,0,2601.87,Loja Física
2783,2024-09-06,1,49,2,4670.06,15,7939.1,Online
2784,2023-06-18,4,45,1,1233.98,0,1233.98,Representante
2785,2023-11-02,2,11,7,261.74,0,1832.18,Online
2786,2022-06-22,9,35,4,45.71,5,173.68,Loja Física
2787,2023-01-08,2,33,3,300.18,5,855.5,Loja Física
2788,2023-04-05,3,26,6,602.96,0,3617.74,Online
2789,2023-04-14,3,39,2,627.98,0,1255.96,Loja Física
2790,2023-02-11,7,36,4,341.77,0,1367.1,Representante
2791,2022-12-12,9,2,3,43.68,0,131.03,Loja Física
2792,2024-05-28,7,17,6,389.13,10,2101.3,Loja Física
2793,2022-11-02,7,5,5,357.93,0,1789.67,Loja Física
2794,2022-12-15,2,48,3,266.52,10,719.61,Online
2795,2022-01-29,1,42,3,4947.77,15,12616.82,Representante
2796,2024-06-10,5,7,3,344.93,5,983.06,Representante
2797,2024-10-09,7,15,5,378.63,0,1893.16,Online
2798,2023-02-21,7,7,1,361.63,0,361.63,Loja Física
2799,2023-08-13,2,7,2,297.38,15,505.55,Loja Física
2800,2024-02-22,1,14,5,4325.21,0,21626.04,Loja Física
2801,2023-02-28,3,30,1,714.51,10,643.06,Online
2802,2023-08-03,10,20,5,89.34,15,379.7,Representante
2803,2023-01-23,2,14,6,244.04,5,1391.06,Online
2804,2024-04-16,1,3,2,4172.1,0,8344.21,Online
2805,2023-08-18,2,28,1,306.94,0,306.94,Online
2806,2024-07-12,6,36,2,385.2,0,770.4,Loja Física
2807,2024-07-27,1,40,6,3979.0,0,23873.98,Online
2808,2024-08-18,7,40,4,402.85,0,1611.42,Loja Física
2809,2024-03-25,3,38,2,576.14,15,979.44,Online
2810,2024-02-25,1,3,1,4035.07,15,3429.81,Loja Física
2811,2023-06-09,3,48,5,631.83,0,3159.16,Online
2812,2022-05-01,6,49,2,380.48,0,760.96,Loja Física
2813,2023-04-26,8,11,3,542.49,5,1546.09,Loja Física
2814,2022-04-04,7,13,4,347.42,0,1389.69,Loja Física
2815,2024-10-30,2,30,3,256.45,10,692.42,Loja Física
2816,2023-09-12,9,38,2,49.39,5,93.85,Representante
2817,2024-01-30,4,50,6,1194.15,0,7164.89,Representante
2818,2022-03-26,9,33,1,39.72,10,35.75,Online
2819,2023-06-18,7,33,5,404.51,0,2022.53,Representante
2820,2024-10-06,3,45,6,673.77,0,4042.6,Loja Física
2821,2022-09-28,2,28,3,270.9,0,812.7,Loja Física
2822,2024-12-22,5,25,10,382.41,5,3632.9,Online
2823,2023-06-18,1,47,4,4686.01,0,18744.05,Loja Física
2824,2022-04-01,3,18,3,608.61,0,1825.83,Loja Física
2825,2023-07-30,2,18,3,295.2,15,752.75,Loja Física
2826,2024-05-30,5,13,6,343.16,0,2058.98,Loja Física
2827,2023-06-25,6,44,1,420.18,10,378.16,Loja Física
2828,2024-06-11,5,21,6,323.12,0,1938.71,Loja Física
2829,2024-10-03,5,17,6,336.01,0,2016.07,Representante
2830,2024-06-20,10,13,5,98.48,0,492.4,Online
2831,2022-11-01,7,42,6,397.26,0,2383.54,Online
2832,2023-01-11,10,25,2,98.61,0,197.21,Loja Física
2833,2023-06-17,6,37,3,404.22,0,1212.66,Representante
2834,2024-08-14,3,35,8,619.38,5,4707.28,Online
2835,2024-10-10,8,49,5,493.28,0,2466.38,Loja Física
2836,2024-01-01,8,23,5,532.56,15,2263.4,Representante
2837,2024-09-20,5,25,6,365.07,5,2080.88,Loja Física
2838,2022-08-19,1,21,4,4361.46,15,14828.95,Online
2839,2022-09-11,3,13,3,576.03,0,1728.1,Online
2840,2023-02-22,2,31,1,248.38,0,248.38,Online
2841,2022-12-11,2,30,5,268.45,15,1140.91,Representante
2842,2023-07-13,2,48,3,245.07,10,661.68,Representante
2843,2023-03-11,7,25,6,404.52,10,2184.41,Online
2844,2024-12-13,7,7,3,405.73,10,1095.47,Online
2845,2024-05-02,9,17,3,41.09,0,123.28,Online
2846,2024-10-17,10,20,3,87.55,15,223.26,Online
2847,2023-11-05,1,12,3,4842.03,0,14526.08,Loja Física
2848,2022-09-07,4,23,1,1317.56,5,1251.68,Loja Física
2849,2022-08-06,5,40,2,330.76,0,661.52,Online
2850,2022-03-01,4,50,2,1297.66,0,2595.31,Loja Física
2851,2024-09-09,6,41,4,367.32,5,1395.82,Representante
2852,2023-07-06,7,6,5,394.19,10,1773.87,Representante
2853,2022-01-12,7,10,2,380.13,0,760.27,Online
2854,2024-07-16,7,14,4,380.22,0,1520.89,Representante
2855,2022-09-22,4,50,2,1209.1,0,2418.2,Online
2856,2023-08-03,1,3,2,4320.9,0,8641.8,Online
2857,2022-05-25,5,3,1,298.99,10,269.09,Representante
2858,2024-02-21,10,37,2,84.61,0,169.21,Loja Física
2859,2023-06-07,10,48,2,93.06,0,186.11,Online
2860,2024-03-27,4,14,3,1165.33,0,3496.0,Online
2861,2023-03-03,3,30,3,553.29,0,1659.87,Loja Física
2862,2024-04-04,10,19,2,92.08,0,184.16,Representante
2863,2022-11-12,3,26,12,709.48,0,8513.79,Loja Física
2864,2024-10-02,8,8,1,477.45,5,453.58,Representante
2865,2023-09-28,9,14,3,49.49,15,126.2,Representante
2866,2022-09-26,5,19,1,335.88,0,335.88,Representante
2867,2022-07-16,10,14,4,81.7,0,326.79,Representante
2868,2023-02-14,8,48,1,516.22,5,490.41,Loja Física
2869,2024-03-05,4,32,4,1187.62,5,4512.94,Loja Física
2870,2024-05-16,7,32,2,364.65,0,729.3,Loja Física
2871,2024-01-25,1,12,5,4308.23,10,19387.03,Online
2872,2024-06-08,10,12,8,98.47,15,669.57,Loja Física
2873,2022-07-10,8,28,2,476.52,0,953.04,Representante
2874,2023-12-01,9,8,8,48.86,5,371.32,Representante
2875,2023-04-05,2,20,1,300.38,15,255.32,Representante
2876,2022-11-14,2,42,7,303.8,5,2020.29,Representante
2877,2024-12-10,7,47,6,343.25,0,2059.52,Loja Física
2878,2024-08-16,3,9,5,680.85,5,3234.06,Online
2879,2024-09-05,5,47,4,364.18,0,1456.71,Online
2880,2022-09-19,8,17,2,517.91,15,880.45,Loja Física
2881,2023-05-25,8,24,3,456.57,10,1232.74,Loja Física
2882,2023-08-29,7,9,3,382.74,10,1033.4,Online
2883,2022-06-06,7,50,4,324.32,0,1297.28,Representante
2884,2022-08-09,3,3,2,625.06,10,1125.1,Loja Física
2885,2024-04-25,10,28,1,90.94,0,90.94,Loja Física
2886,2023-06-03,2,6,1,252.17,0,252.17,Loja Física
2887,2022-06-17,3,18,4,693.05,10,2494.99,Online
2888,2022-08-22,3,30,3,579.7,15,1478.24,Representante
2889,2024-08-05,5,8,5,332.66,0,1663.28,Online
2890,2024-03-15,1,11,4,4466.36,0,17865.44,Online
2891,2024-05-02,10,36,5,97.12,15,412.75,Loja Física
2892,2023-10-05,8,42,6,562.32,10,3036.54,Representante
2893,2024-07-20,4,28,6,1058.08,15,5396.19,Loja Física
2894,2023-06-27,1,32,3,3903.01,0,11709.02,Online
2895,2023-03-09,3,6,4,640.42,0,2561.67,Online
2896,2023-06-16,5,14,2,337.27,15,573.35,Online
2897,2024-06-07,3,20,4,685.88,10,2469.15,Online
2898,2022-01-12,6,36,3,419.36,5,1195.17,Online
2899,2022-01-28,5,21,2,368.88,0,737.76,Representante
2900,2024-09-04,10,27,2,88.5,5,168.16,Representante
2901,2024-04-09,8,18,6,492.28,15,2510.6,Representante
2902,2024-09-23,3,12,5,582.21,0,2911.07,Representante
2903,2024-01-09,1,32,3,4019.59,15,10249.96,Representante
2904,2024-03-19,1,19,1,4673.98,0,4673.98,Online
2905,2022-09-14,6,44,1,405.65,0,405.65,Online
2906,2023-01-26,4,41,1,1155.84,0,1155.84,Online
2907,2023-01-21,8,6,4,458.06,0,1832.26,Online
2908,2024-09-12,6,5,2,453.2,15,770.45,Online
2909,2023-05-11,5,22,4,332.18,5,1262.27,Representante
2910,2023-01-26,7,13,3,376.22,0,1128.66,Loja Física
2911,2024-08-07,6,28,4,390.42,0,1561.69,Loja Física
2912,2024-05-14,10,17,3,80.25,0,240.76,Online
2913,2022-12-07,1,50,2,4160.27,0,8320.53,Representante
2914,2024-06-30,7,4,5,372.37,5,1768.75,Loja Física
2915,2022-02-10,5,29,2,311.21,5,591.3,Representante
2916,2023-05-12,8,31,4,558.33,0,2233.34,Loja Física
2917,2024-03-13,3,10,6,693.76,0,4162.55,Loja Física
2918,2022-01-17,5,23,1,346.19,0,346.19,Representante
2919,2024-06-03,5,14,4,302.77,5,1150.51,Loja Física
2920,2023-08-19,5,3,2,332.11,0,664.21,Loja Física
2921,2024-03-29,6,36,1,381.19,5,362.13,Representante
2922,2024-09-26,6,37,6,402.72,0,2416.33,Representante
2923,2022-05-05,10,42,1,98.43,10,88.59,Online
2924,2024-05-14,9,31,4,48.58,10,174.88,Loja Física
2925,2022-05-11,2,19,3,295.63,0,886.9,Representante
2926,2024-05-04,4,32,1,1029.77,5,978.28,Online
2927,2024-10-10,8,38,1,532.03,10,478.83,Representante
2928,2023-12-12,5,14,9,351.49,5,3005.21,Representante
2929,2024-06-12,7,16,9,395.62,0,3560.6,Online
2930,2023-08-13,2,43,2,241.68,15,410.85,Online
2931,2024-08-19,8,4,1,444.87,0,444.87,Loja Física
2932,2023-04-21,4,10,7,1023.91,10,6450.61,Online
2933,2023-11-26,9,37,2,39.95,10,71.91,Representante
2934,2024-08-17,4,28,1,1024.53,0,1024.53,Loja Física
2935,2024-03-10,4,4,2,1059.02,5,2012.13,Representante
2936,2024-01-08,5,32,5,383.22,5,1820.31,Online
2937,2023-03-01,1,29,2,4785.99,0,9571.97,Representante
2938,2022-06-26,9,45,4,47.55,15,161.66,Loja Física
2939,2022-09-22,3,15,6,635.78,0,3814.67,Online
2940,2022-11-17,3,3,2,610.24,10,1098.43,Loja Física
2941,2022-07-26,1,46,4,4308.68,5,16372.98,Loja Física
2942,2023-09-14,1,49,1,4099.54,0,4099.54,Online
2943,2022-04-07,7,44,2,380.01,0,760.03,Loja Física
2944,2023-06-19,2,26,2,278.53,0,557.07,Representante
2945,2022-11-21,7,39,5,405.96,0,2029.81,Representante
2946,2022-03-07,5,14,3,365.22,0,1095.65,Loja Física
2947,2024-05-31,10,31,2,95.7,0,191.4,Representante
2948,2023-04-10,7,43,3,333.58,0,1000.74,Representante
2949,2023-04-04,2,35,3,239.43,5,682.38,Loja Física
2950,2023-11-28,1,42,5,4129.51,0,20647.56,Online
2951,2023-07-02,4,9,2,1051.92,0,2103.84,Representante
2952,2024-11-21,1,11,5,3831.79,10,17243.08,Representante
2953,2022-08-02,2,43,2,284.61,15,483.83,Online
2954,2024-06-15,6,29,4,418.26,5,1589.4,Online
2955,2022-08-05,3,50,2,656.86,10,1182.35,Representante
2956,2022-07-28,7,17,3,377.73,10,1019.88,Online
2957,2024-11-04,2,6,7,303.02,0,2121.14,Online
2958,2022-08-30,10,38,4,89.82,0,359.26,Loja Física
2959,2022-11-18,5,37,7,313.49,15,1865.25,Loja Física
2960,2024-06-23,9,48,4,43.29,10,155.84,Loja Física
2961,2022-07-23,1,1,1,4922.97,0,4922.97,Representante
2962,2024-01-15,7,36,4,356.13,0,1424.53,Online
2963,2022-09-09,3,24,6,578.42,0,3470.49,Loja Física
2964,2024-05-01,4,28,7,1241.15,0,8688.07,Online
2965,2024-08-28,7,27,1,343.14,0,343.14,Loja Física
2966,2024-10-31,3,8,2,657.6,0,1315.19,Online
2967,2023-06-29,9,7,3,42.7,0,128.11,Representante
2968,2024-04-29,4,26,1,1285.69,0,1285.69,Representante
2969,2023-05-18,2,4,2,259.99,0,519.99,Representante
2970,2024-05-13,8,7,5,515.02,0,2575.12,Online
2971,2024-05-28,10,4,3,80.45,5,229.29,Loja Física
2972,2024-07-28,8,18,1,536.16,10,482.54,Representante
2973,2024-01-11,8,5,5,551.64,0,2758.19,Loja Física
2974,2022-10-26,10,48,4,78.92,0,315.67,Representante
2975,2024-11-25,7,17,3,397.45,0,1192.36,Online
2976,2023-11-24,2,22,7,304.12,0,2128.86,Loja Física
2977,2022-12-03,10,41,7,81.62,5,542.78,Online
2978,2024-03-16,7,38,2,387.66,0,775.32,Representante
2979,2022-11-06,2,6,6,266.36,10,1438.34,Online
2980,2024-11-30,4,20,13,1157.37,0,15045.82,Loja Física
2981,2024-04-03,1,50,6,4371.55,15,22294.93,Representante
2982,2023-09-16,8,34,2,538.34,15,915.17,Representante
2983,2023-10-05,3,9,4,560.85,0,2243.38,Online
2984,2023-07-27,10,17,5,91.68,10,412.57,Representante
2985,2022-10-28,3,8,4,563.67,15,1916.47,Loja Física
2986,2024-07-02,3,44,5,609.94,15,2592.24,Online
2987,2024-06-24,6,8,3,455.56,15,1161.67,Loja Física
2988,2024-04-08,4,23,3,1039.32,0,3117.95,Loja Física
2989,2022-06-22,5,50,5,375.54,0,1877.69,Representante
2990,2023-11-17,1,36,6,4915.92,5,28020.73,Representante
2991,2022-09-16,2,16,2,284.7,10,512.46,Representante
2992,2023-08-05,1,42,3,4204.72,0,12614.15,Online
2993,2024-11-13,8,22,6,465.58,10,2514.12,Loja Física
2994,2024-12-03,2,36,11,265.58,0,2921.39,Representante
2995,2022-11-24,8,14,5,512.91,0,2564.53,Online
2996,2023-06-14,5,42,6,345.95,0,2075.72,Loja Física
2997,2024-05-15,5,30,4,349.63,10,1258.67,Online
2998,2022-05-03,3,8,3,643.2,0,1929.6,Loja Física
2999,2024-11-05,8,22,5,543.14,0,2715.72,Online
3000,2022-04-08,7,22,4,411.21,15,1398.11,Online
3001,2024-07-08,6,50,8,445.77,0,3566.2,Representante
3002,2022-01-11,4,48,1,1183.65,5,1124.47,Loja Física
3003,2023-04-29,3,10,4,567.56,15,1929.7,Representante
3004,2024-12-28,9,19,7,43.11,10,271.61,Online
3005,2023-12-19,6,46,9,397.14,0,3574.23,Loja Física
3006,2022-10-14,3,34,2,648.67,15,1102.73,Loja Física
3007,2024-11-30,5,2,5,357.53,15,1519.52,Online
3008,2022-08-04,8,23,3,465.27,0,1395.82,Representante
3009,2023-01-30,4,30,3,1165.16,0,3495.49,Loja Física
3010,2022-07-20,2,35,3,304.94,0,914.83,Representante
3011,2024-05-21,10,5,7,89.81,5,597.22,Online
3012,2022-07-08,6,13,2,443.07,0,886.15,Loja Física
3013,2022-09-24,10,1,6,97.71,5,556.96,Online
3014,2024-07-02,4,43,2,1118.97,0,2237.94,Loja Física
3015,2024-12-13,9,30,4,42.13,5,160.09,Representante
3016,2024-11-28,5,24,6,348.87,5,1988.57,Loja Física
3017,2024-10-18,2,49,4,250.83,15,852.81,Loja Física
3018,2024-06-20,7,46,5,364.94,15,1550.99,Loja Física
3019,2024-05-03,7,17,4,338.32,0,1353.27,Online
3020,2024-11-01,5,45,9,367.34,0,3306.09,Loja Física
3021,2024-07-26,9,34,4,49.36,0,197.42,Representante
3022,2024-11-17,9,36,8,39.16,10,281.95,Online
3023,2023-03-12,9,32,5,41.66,5,197.9,Loja Física
3024,2022-03-08,10,14,2,77.89,15,132.42,Online
3025,2024-01-27,3,46,2,634.78,0,1269.56,Representante
3026,2024-04-16,3,17,4,613.94,0,2455.77,Online
3027,2024-01-27,8,3,7,449.7,10,2833.09,Loja Física
3028,2022-03-24,3,3,3,614.01,10,1657.82,Online
3029,2022-08-30,5,15,5,384.74,0,1923.68,Loja Física
3030,2024-02-06,4,20,4,1229.54,0,4918.17,Loja Física
3031,2024-09-22,7,14,4,323.0,0,1292.01,Online
3032,2022-10-19,6,1,4,427.91,10,1540.48,Loja Física
3033,2022-04-10,5,17,5,324.97,0,1624.85,Loja Física
3034,2023-03-18,10,41,2,94.42,0,188.83,Representante
3035,2024-09-28,3,24,3,570.57,0,1711.71,Online
3036,2023-12-16,7,14,8,406.08,0,3248.66,Online
3037,2024-05-05,1,21,4,4600.07,5,17480.26,Representante
3038,2023-09-27,6,48,3,437.52,10,1181.3,Loja Física
3039,2023-11-23,5,37,6,335.07,5,1909.89,Loja Física
3040,2022-09-29,9,43,2,42.75,0,85.51,Representante
3041,2024-08-01,8,27,3,555.49,5,1583.14,Representante
3042,2024-07-08,7,18,3,387.98,0,1163.94,Representante
3043,2023-10-29,1,44,1,4706.29,0,4706.29,Representante
3044,2024-04-18,2,33,4,250.34,5,951.29,Online
3045,2024-03-20,10,18,2,89.85,0,179.7,Representante
3046,2022-04-04,6,28,7,392.9,15,2337.78,Loja Física
3047,2023-07-23,9,47,4,44.8,15,152.31,Online
3048,2022-12-06,10,25,4,77.26,15,262.7,Online
3049,2023-09-25,9,49,3,47.98,10,129.56,Representante
3050,2022-09-11,5,16,5,302.57,15,1285.93,Representante
3051,2022-06-24,8,15,5,552.54,0,2762.68,Representante
3052,2022-04-19,3,22,2,689.88,10,1241.78,Representante
3053,2023-01-23,6,45,2,462.0,5,877.8,Representante
3054,2022-02-08,7,44,3,395.56,0,1186.68,Representante
3055,2024-12-25,1,38,12,4797.65,0,57571.83,Online
3056,2023-07-18,1,44,7,3920.36,0,27442.54,Online
3057,2024-06-28,6,46,5,363.22,0,1816.12,Representante
3058,2023-10-19,3,48,1,702.33,5,667.21,Representante
3059,2022-04-03,6,8,3,365.68,5,1042.18,Online
3060,2023-11-28,8,27,6,521.92,5,2974.92,Online
3061,2024-04-29,5,50,3,375.28,0,1125.84,Representante
3062,2023-10-12,6,23,5,390.0,5,1852.51,Loja Física
3063,2022-07-06,7,30,5,399.72,0,1998.62,Online
3064,2022-12-11,5,48,2,313.04,0,626.09,Online
3065,2023-01-10,1,23,4,4911.77,0,19647.07,Online
3066,2022-11-12,5,43,5,384.74,0,1923.7,Loja Física
3067,2022-12-13,2,13,7,269.64,0,1887.46,Representante
3068,2023-10-29,3,6,2,624.98,0,1249.97,Online
3069,2022-04-30,7,17,1,353.31,0,353.31,Loja Física
3070,2022-07-22,1,47,5,3934.49,0,19672.44,Online
3071,2024-04-25,3,30,3,703.22,0,2109.65,Loja Física
3072,2024-02-09,1,34,3,4840.51,0,14521.54,Online
3073,2023-02-19,10,31,2,88.07,0,176.14,Representante
3074,2023-04-30,1,3,3,4796.66,5,13670.47,Representante
3075,2024-10-30,7,2,8,380.97,5,2895.36,Online
3076,2023-07-06,6,9,6,373.47,0,2240.79,Loja Física
3077,2024-08-09,2,47,1,280.28,10,252.26,Loja Física
3078,2022-05-15,9,4,2,38.26,5,72.69,Online
3079,2024-04-14,6,41,2,387.22,15,658.27,Online
3080,2022-02-08,4,49,2,1255.18,0,2510.37,Representante
3081,2022-07-27,1,45,6,4872.3,0,29233.8,Representante
3082,2022-09-15,8,33,1,528.01,0,528.01,Representante
3083,2024-04-13,9,10,7,42.47,5,282.4,Online
3084,2024-10-21,4,48,4,1179.87,0,4719.48,Online
3085,2024-02-04,1,43,1,3891.31,10,3502.18,Online
3086,2023-05-18,1,2,4,4012.69,10,14445.68,Loja Física
3087,2024-07-14,2,43,3,279.81,0,839.44,Online
3088,2024-08-09,4,19,7,1087.29,10,6849.94,Loja Física
3089,2022-12-09,4,11,3,1154.35,0,3463.05,Online
3090,2024-09-14,4,45,7,1280.29,0,8962.01,Representante
3091,2023-05-29,4,2,2,1236.01,15,2101.21,Loja Física
3092,2023-12-21,3,45,5,611.43,15,2598.56,Online
3093,2024-11-11,5,10,4,363.44,0,1453.77,Online
3094,2022-11-27,1,1,4,4333.04,15,14732.32,Representante
3095,2022-05-24,1,46,2,4260.57,0,8521.15,Online
3096,2024-03-20,6,24,3,406.71,15,1037.1,Online
3097,2022-10-14,5,32,3,350.6,15,894.02,Representante
3098,2023-07-27,4,48,3,1255.35,5,3577.74,Online
3099,2024-10-30,1,10,3,4438.63,0,13315.89,Representante
3100,2023-12-03,1,9,7,4218.5,15,25100.08,Loja Física
3101,2024-07-16,3,10,3,602.57,0,1807.72,Online
3102,2023-10-21,1,11,4,4237.89,0,16951.56,Online
3103,2024-07-30,6,49,7,371.89,10,2342.93,Loja Física
3104,2022-02-02,10,5,4,90.38,15,307.31,Online
3105,2022-01-05,6,30,1,389.59,10,350.63,Loja Física
3106,2022-01-09,9,15,2,49.18,0,98.35,Representante
3107,2022-12-22,3,28,6,575.52,5,3280.45,Representante
3108,2024-09-28,6,18,3,388.51,5,1107.25,Representante
3109,2022-06-16,1,6,5,3977.25,15,16903.31,Representante
3110,2022-06-08,2,7,2,286.75,10,516.16,Online
3111,2024-06-30,6,3,5,386.36,15,1642.01,Online
3112,2023-12-24,8,35,2,571.18,5,1085.25,Representante
3113,2024-01-04,6,1,3,428.33,5,1220.75,Online
3114,2022-01-18,6,36,5,404.9,0,2024.49,Loja Física
3115,2024-01-29,5,9,3,321.1,0,963.3,Loja Física
3116,2022-01-20,5,41,1,349.61,0,349.61,Representante
3117,2022-02-10,6,49,2,401.0,0,802.01,Representante
3118,2024-01-03,9,21,1,45.25,0,45.25,Online
3119,2023-09-13,4,44,5,1091.42,15,4638.54,Online
3120,2023-04-25,2,21,5,292.92,5,1391.38,Loja Física
3121,2022-03-17,7,22,2,357.78,0,715.56,Loja Física
3122,2023-03-05,7,32,5,327.75,0,1638.74,Online
3123,2024-03-22,4,38,2,1054.98,0,2109.96,Loja Física
3124,2024-10-21,2,37,3,296.48,5,844.98,Online
3125,2023-02-01,5,5,1,360.67,15,306.57,Representante
3126,2022-12-26,4,17,4,1191.41,0,4765.63,Representante
3127,2022-09-20,1,32,2,4536.11,15,7711.39,Online
3128,2022-09-18,6,2,4,378.36,0,1513.46,Representante
3129,2023-04-12,1,9,4,4911.88,10,17682.77,Representante
3130,2023-07-16,3,40,8,688.12,0,5504.99,Representante
3131,2022-02-17,2,36,5,303.23,15,1288.74,Representante
3132,2024-12-27,6,26,7,457.82,10,2884.27,Loja Física
3133,2024-07-18,3,25,4,573.36,0,2293.42,Loja Física
3134,2022-04-17,2,3,2,291.18,0,582.37,Loja Física
3135,2024-04-13,8,5,3,541.09,0,1623.26,Online
3136,2024-11-27,10,28,4,90.42,5,343.59,Loja Física
3137,2024-01-11,4,36,2,1063.86,10,1914.94,Online
3138,2023-04-05,10,15,2,87.07,0,174.14,Loja Física
3139,2024-05-10,7,35,1,333.16,10,299.85,Loja Física
3140,2023-10-10,3,6,6,562.68,0,3376.06,Loja Física
3141,2023-02-03,9,38,3,47.21,0,141.64,Online
3142,2022-02-21,8,42,1,485.37,15,412.57,Online
3143,2024-05-17,1,36,5,4749.58,0,23747.9,Online
3144,2023-02-08,6,16,1,387.14,0,387.14,Loja Física
3145,2023-09-29,10,18,2,90.84,0,181.68,Representante
3146,2022-07-18,9,25,1,45.08,0,45.08,Loja Física
3147,2024-06-03,1,40,5,4864.08,0,24320.4,Representante
3148,2023-11-16,10,44,4,78.96,0,315.83,Online
3149,2022-08-09,7,6,1,339.34,5,322.37,Online
3150,2023-11-29,10,22,8,86.25,0,689.96,Loja Física
3151,2024-11-30,9,43,7,44.55,0,311.83,Online
3152,2024-06-17,4,7,3,1042.58,0,3127.75,Representante
3153,2024-07-03,2,27,3,251.33,10,678.6,Online
3154,2022-06-25,7,6,2,329.86,0,659.73,Online
3155,2024-02-12,10,9,1,98.13,0,98.13,Representante
3156,2022-05-14,2,8,3,305.3,0,915.89,Online
3157,2024-06-24,3,16,4,697.27,0,2789.09,Loja Física
3158,2024-06-03,5,1,6,335.85,0,2015.11,Online
3159,2022-04-25,3,32,1,589.9,10,530.91,Online
3160,2023-08-27,5,27,1,308.27,5,292.86,Loja Física
3161,2022-07-16,7,22,5,397.65,10,1789.42,Loja Física
3162,2023-04-23,4,1,2,1110.4,10,1998.71,Representante
3163,2022-01-22,3,3,2,602.85,5,1145.41,Loja Física
3164,2024-08-08,3,23,3,598.87,5,1706.79,Representante
3165,2022-07-27,10,2,6,90.19,0,541.13,Representante
3166,2022-02-23,5,2,4,343.49,5,1305.27,Representante
3167,2023-11-04,5,33,6,302.63,10,1634.18,Online
3168,2022-08-10,6,39,4,455.75,0,1822.99,Online
3169,2022-05-19,10,42,4,87.87,10,316.34,Online
3170,2022-09-16,9,13,4,47.0,15,159.81,Representante
3171,2023-06-09,5,41,6,304.13,0,1824.78,Loja Física
3172,2024-09-12,3,32,6,637.47,15,3251.12,Representante
3173,2024-06-29,4,43,4,1249.19,0,4996.76,Online
3174,2022-10-09,5,1,4,375.73,0,1502.93,Online
3175,2022-09-19,8,30,3,482.29,0,1446.88,Representante
3176,2024-06-11,7,25,5,356.88,10,1605.95,Representante
3177,2024-01-03,5,4,2,338.76,0,677.52,Representante
3178,2022-10-26,9,9,4,48.4,0,193.61,Loja Física
3179,2023-09-25,2,36,2,253.05,10,455.49,Loja Física
3180,2023-08-20,2,41,2,277.45,0,554.89,Online
3181,2024-11-26,1,10,5,4136.36,10,18613.64,Representante
3182,2022-10-24,3,9,5,610.67,0,3053.36,Online
3183,2024-11-04,5,46,4,376.78,10,1356.4,Online
3184,2024-05-14,4,4,4,1072.39,0,4289.57,Online
3185,2023-02-15,4,45,4,1302.73,15,4429.27,Online
3186,2022-05-21,7,45,4,380.85,0,1523.39,Online
3187,2024-09-01,9,20,3,46.28,15,118.01,Representante
3188,2024-08-15,9,48,5,42.48,10,191.15,Representante
3189,2023-11-10,1,22,7,4397.09,10,27701.67,Representante
3190,2023-11-19,2,31,6,277.92,10,1500.75,Loja Física
3191,2024-05-07,9,28,2,40.56,0,81.12,Online
3192,2022-08-03,10,25,4,95.9,5,364.42,Online
3193,2024-10-12,10,38,5,84.35,0,421.74,Online
3194,2023-04-02,1,35,2,4378.93,15,7444.18,Online
3195,2024-08-13,7,13,5,395.33,10,1778.98,Online
3196,2023-05-05,3,8,4,588.94,5,2237.96,Representante
3197,2023-11-10,10,33,4,79.03,15,268.69,Loja Física
3198,2023-02-25,6,47,2,456.0,5,866.4,Online
3199,2022-01-14,3,34,6,590.52,0,3543.13,Online
3200,2022-06-01,8,50,5,470.52,0,2352.59,Online
3201,2022-08-24,6,16,4,395.4,0,1581.61,Loja Física
3202,2024-06-20,7,13,7,369.15,0,2584.06,Representante
3203,2024-01-08,5,44,2,298.67,0,597.35,Online
3204,2023-02-12,5,39,2,317.64,0,635.27,Loja Física
3205,2022-12-23,1,46,4,4208.12,0,16832.48,Loja Física
3206,2022-12-23,8,1,2,534.22,0,1068.44,Representante
3207,2023-05-19,5,36,6,345.88,0,2075.27,Online
3208,2022-02-14,5,2,5,380.7,0,1903.48,Loja Física
3209,2022-07-27,9,45,2,43.27,0,86.53,Representante
3210,2022-10-09,3,42,3,704.75,5,2008.53,Representante
3211,2022-08-16,7,41,1,370.53,0,370.53,Online
3212,2023-09-17,10,22,8,79.61,5,605.07,Online
3213,2024-01-28,5,13,2,311.47,0,622.94,Representante
3214,2022-12-17,1,37,6,4682.48,10,25285.37,Representante
3215,2024-06-07,9,7,6,45.42,15,231.65,Online
3216,2022-08-31,1,12,2,4843.58,0,9687.15,Online
3217,2023-01-24,4,41,3,1217.59,0,3652.77,Representante
3218,2024-02-14,6,40,1,402.71,15,342.3,Loja Física
3219,2023-10-14,5,33,5,369.52,10,1662.82,Loja Física
3220,2023-05-16,9,15,6,41.64,0,249.86,Representante
3221,2023-01-23,3,10,3,696.49,10,1880.53,Loja Física
3222,2022-11-01,1,13,4,4444.05,0,17776.21,Online
3223,2022-04-20,1,23,4,4415.01,15,15011.04,Loja Física
3224,2022-09-16,9,27,1,39.79,10,35.81,Representante
3225,2024-09-28,5,41,2,376.24,0,752.48,Representante
3226,2022-06-16,3,34,2,707.54,5,1344.32,Representante
3227,2022-05-13,7,41,2,378.25,0,756.5,Representante
3228,2024-03-05,7,15,8,398.91,15,2712.59,Representante
3229,2024-02-06,6,15,5,372.68,5,1770.24,Representante
3230,2024-08-08,1,23,1,4541.83,0,4541.83,Loja Física
3231,2024-02-05,1,48,1,4873.08,10,4385.78,Representante
3232,2024-09-16,7,33,4,404.42,15,1375.02,Loja Física
3233,2024-08-28,1,34,1,4870.92,0,4870.92,Representante
3234,2024-04-01,5,45,4,382.42,15,1300.22,Representante
3235,2022-03-16,3,30,4,684.99,0,2739.97,Online
3236,2023-02-20,2,28,3,306.64,5,873.92,Online
3237,2024-03-21,4,32,2,1059.38,0,2118.76,Loja Física
3238,2024-05-20,2,47,3,298.81,5,851.6,Representante
3239,2022-11-18,7,20,3,369.74,0,1109.23,Loja Física
3240,2022-06-23,4,1,2,1248.85,0,2497.7,Online
3241,2023-08-28,10,10,5,83.78,5,397.94,Representante
3242,2023-12-22,10,11,5,79.18,0,395.91,Representante
3243,2022-03-26,1,35,2,4618.31,5,8774.79,Representante
3244,2023-11-20,6,7,4,366.77,5,1393.71,Loja Física
3245,2024-08-15,10,35,3,84.39,5,240.5,Loja Física
3246,2024-01-23,9,50,1,48.82,5,46.37,Loja Física
3247,2023-07-14,10,22,6,86.45,5,492.77,Online
3248,2023-01-03,9,18,4,48.95,5,186.0,Online
3249,2023-06-28,9,10,4,44.89,15,152.61,Online
3250,2024-01-06,6,24,2,409.84,0,819.68,Loja Física
3251,2024-10-24,2,33,3,258.92,10,699.09,Representante
3252,2022-06-10,2,39,7,258.02,0,1806.17,Online
3253,2022-07-21,8,21,6,466.05,0,2796.27,Online
3254,2024-01-08,2,28,4,240.82,0,963.27,Representante
3255,2023-02-15,5,42,7,355.24,0,2486.66,Online
3256,2023-11-06,10,44,7,94.93,0,664.52,Loja Física
3257,2023-07-17,5,25,2,341.11,0,682.23,Representante
3258,2022-10-10,7,10,2,370.59,15,630.0,Representante
3259,2023-06-19,9,3,1,45.37,0,45.37,Loja Física
3260,2023-08-01,7,50,3,352.87,0,1058.61,Loja Física
3261,2024-04-10,3,23,4,552.86,10,1990.31,Representante
3262,2022-01-25,8,12,6,487.79,5,2780.41,Representante
3263,2024-11-15,10,43,8,97.14,0,777.08,Loja Física
3264,2023-04-12,3,19,5,616.4,0,3082.02,Representante
3265,2023-03-06,7,21,2,353.51,5,671.66,Online
3266,2024-11-22,6,34,6,385.58,10,2082.11,Representante
3267,2024-08-17,7,46,4,344.76,15,1172.19,Loja Física
3268,2023-11-29,7,30,7,352.35,0,2466.47,Loja Física
3269,2023-01-20,10,32,5,81.33,5,386.31,Representante
3270,2024-05-05,10,6,5,76.94,0,384.72,Loja Física
3271,2024-07-10,2,17,5,269.24,10,1211.57,Online
3272,2024-02-07,6,5,2,386.09,0,772.17,Representante
3273,2022-09-20,9,49,7,46.59,0,326.12,Representante
3274,2022-01-20,4,35,1,1234.53,5,1172.81,Representante
3275,2023-12-28,3,47,9,639.67,0,5757.01,Online
3276,2024-05-08,6,14,1,435.43,5,413.66,Representante
3277,2024-04-06,4,40,4,1114.63,15,3789.75,Representante
3278,2023-09-06,10,27,4,91.49,0,365.97,Representante
3279,2022-02-17,10,12,2,96.93,10,174.48,Online
3280,2022-10-12,9,39,4,41.0,0,163.99,Loja Física
3281,2024-03-11,5,9,2,338.98,5,644.06,Online
3282,2024-03-11,7,44,3,389.03,0,1167.08,Representante
3283,2024-03-02,3,50,1,649.87,0,649.87,Loja Física
3284,2022-08-11,9,44,1,44.42,0,44.42,Representante
3285,2024-07-13,7,2,3,365.44,15,931.88,Loja Física
3286,2022-07-10,1,10,4,4125.29,0,16501.18,Online
3287,2022-12-30,1,33,6,4708.63,0,28251.76,Representante
3288,2024-09-27,6,33,6,433.29,0,2599.72,Online
3289,2023-02-12,4,47,4,1136.17,0,4544.69,Loja Física
3290,2023-08-05,10,18,3,97.59,0,292.76,Online
3291,2023-08-20,6,31,6,369.06,15,1882.2,Representante
3292,2022-05-24,6,41,3,436.7,5,1244.6,Online
3293,2024-01-25,5,14,1,354.53,10,319.07,Online
3294,2022-12-18,4,38,5,1250.59,0,6252.95,Loja Física
3295,2024-03-11,5,50,2,353.11,0,706.22,Online
3296,2022-09-22,10,44,2,86.24,10,155.24,Loja Física
3297,2024-09-06,6,45,5,442.2,15,1879.35,Online
3298,2024-03-07,7,21,1,337.0,0,337.0,Online
3299,2023-02-26,1,28,4,3930.07,0,15720.27,Loja Física
3300,2024-08-30,1,44,5,4562.25,0,22811.24,Representante
3301,2023-09-28,3,6,4,641.58,10,2309.7,Online
3302,2024-10-26,7,33,6,331.27,15,1689.5,Representante
3303,2024-07-28,9,17,3,47.58,0,142.75,Online
3304,2022-01-16,10,26,3,80.33,0,241.0,Loja Física
3305,2022-05-12,9,45,2,48.99,5,93.08,Representante
3306,2023-05-21,7,35,3,369.81,10,998.48,Loja Física
3307,2024-10-02,4,29,2,1274.93,5,2422.36,Loja Física
3308,2022-03-22,2,3,6,298.99,15,1524.87,Online
3309,2023-08-13,9,18,3,46.19,15,117.79,Loja Física
3310,2023-12-12,5,27,6,371.22,15,1893.24,Representante
3311,2023-09-02,1,48,3,4848.7,5,13818.8,Representante
3312,2022-12-25,7,10,5,391.57,5,1859.97,Online
3313,2023-01-03,3,48,4,695.74,10,2504.67,Representante
3314,2024-06-03,7,30,1,380.5,5,361.47,Loja Física
3315,2023-01-11,4,43,2,1086.33,15,1846.77,Representante
3316,2022-07-15,2,36,1,267.57,5,254.2,Representante
3317,2022-03-31,8,19,2,535.08,0,1070.16,Online
3318,2023-07-15,1,44,5,4775.16,15,20294.44,Representante
3319,2023-08-21,2,16,2,291.59,15,495.71,Online
3320,2023-03-21,1,36,3,4244.2,5,12095.98,Loja Física
3321,2022-09-06,8,1,1,520.88,0,520.88,Online
3322,2022-08-04,6,36,3,374.74,10,1011.81,Loja Física
3323,2024-04-19,10,17,4,98.37,5,373.81,Online
3324,2023-06-02,8,3,2,524.45,0,1048.9,Representante
3325,2022-04-02,10,4,1,81.19,5,77.13,Online
3326,2022-05-30,3,15,7,619.35,15,3685.16,Representante
3327,2024-08-03,9,14,2,49.03,5,93.15,Loja Física
3328,2024-03-28,5,34,5,333.05,0,1665.25,Loja Física
3329,2022-03-19,10,8,7,79.8,0,558.62,Loja Física
3330,2022-08-23,9,39,2,40.93,15,69.58,Online
3331,2023-11-01,4,44,9,1026.98,15,7856.41,Representante
3332,2024-08-08,7,31,4,387.99,5,1474.37,Loja Física
3333,2022-05-20,8,13,1,511.24,0,511.24,Representante
3334,2023-05-12,1,20,3,4861.04,15,12395.65,Loja Física
3335,2022-10-15,5,25,1,341.72,5,324.64,Loja Física
3336,2022-11-27,4,12,6,1164.89,0,6989.33,Online
3337,2022-07-25,1,33,2,3968.82,0,7937.65,Loja Física
3338,2022-09-12,6,9,3,455.08,10,1228.71,Representante
3339,2024-03-11,9,26,7,46.99,0,328.96,Online
3340,2022-01-23,5,25,1,335.69,15,285.34,Loja Física
3341,2022-11-11,8,10,5,449.57,5,2135.45,Loja Física
3342,2022-12-31,2,40,6,244.84,0,1469.04,Representante
3343,2022-03-12,2,30,3,281.26,15,717.21,Representante
3344,2023-03-19,6,12,4,387.41,5,1472.15,Representante
3345,2022-04-08,6,48,1,362.81,15,308.39,Representante
3346,2022-07-30,4,8,3,1096.29,5,3124.44,Representante
3347,2023-09-24,10,37,8,82.42,5,626.43,Online
3348,2022-01-10,9,30,2,38.59,0,77.18,Loja Física
3349,2023-02-18,8,41,3,546.34,0,1639.02,Loja Física
3350,2023-05-04,9,50,2,45.24,0,90.47,Online
3351,2022-02-02,1,28,3,4716.5,5,13442.02,Online
3352,2022-01-30,4,1,2,1185.0,0,2370.0,Online
3353,2022-05-10,6,42,2,386.36,0,772.72,Online
3354,2022-12-10,10,46,7,78.32,15,466.02,Online
3355,2022-04-01,1,49,1,4628.34,5,4396.92,Representante
3356,2022-08-09,10,33,3,92.36,0,277.09,Loja Física
3357,2023-01-24,8,45,1,453.53,10,408.18,Online
3358,2024-03-20,3,37,3,619.96,5,1766.88,Online
3359,2023-04-21,3,14,5,688.77,0,3443.86,Online
3360,2024-01-01,6,2,2,390.5,0,780.99,Online
3361,2022-01-31,6,44,3,362.58,5,1033.35,Representante
3362,2023-10-10,8,13,4,532.87,0,2131.49,Loja Física
3363,2023-03-12,10,18,7,80.48,5,535.22,Online
3364,2022-05-16,4,30,2,1140.82,15,1939.4,Loja Física
3365,2024-01-26,3,12,2,672.13,0,1344.25,Online
3366,2023-03-24,3,18,4,636.97,5,2420.5,Loja Física
3367,2024-10-20,9,29,3,39.46,0,118.38,Representante
3368,2022-12-18,6,25,8,456.51,0,3652.05,Online
3369,2023-10-27,10,18,7,80.74,15,480.37,Representante
3370,2024-03-06,7,23,3,410.63,15,1047.11,Representante
3371,2022-09-30,9,30,1,39.73,0,39.73,Online
3372,2023-10-14,5,49,1,311.05,15,264.39,Loja Física
3373,2022-05-19,2,43,5,292.36,0,1461.79,Online
3374,2024-07-08,3,36,3,707.97,5,2017.71,Representante
3375,2023-04-22,9,49,1,46.4,10,41.76,Representante
3376,2022-01-28,6,37,4,390.44,0,1561.77,Online
3377,2022-09-12,7,12,3,348.39,0,1045.18,Online
3378,2024-05-27,4,16,9,1203.51,0,10831.57,Representante
3379,2022-06-12,7,10,4,396.64,0,1586.55,Online
3380,2024-02-07,6,19,4,460.35,5,1749.31,Loja Física
3381,2023-02-18,7,32,7,375.48,0,2628.39,Loja Física
3382,2023-02-23,5,4,3,376.73,15,960.66,Online
3383,2023-05-03,4,48,1,1200.39,15,1020.33,Representante
3384,2024-06-27,6,6,3,411.52,15,1049.37,Loja Física
3385,2022-10-02,9,45,4,41.52,0,166.07,Loja Física
3386,2022-03-23,4,48,1,1300.11,10,1170.1,Loja Física
3387,2023-08-14,9,39,4,48.64,0,194.57,Online
3388,2023-11-10,5,26,4,351.13,0,1404.52,Online
3389,2023-02-26,5,10,1,306.52,10,275.87,Online
3390,2023-05-24,7,28,3,345.03,15,879.82,Representante
3391,2023-04-01,5,47,5,343.92,10,1547.63,Loja Física
3392,2024-12-03,6,42,3,366.38,0,1099.14,Online
3393,2024-06-24,9,31,8,43.39,15,295.03,Online
3394,2022-05-13,8,14,4,502.28,5,1908.67,Online
3395,2023-01-30,9,42,6,42.09,0,252.54,Representante
3396,2022-10-17,10,30,3,95.53,0,286.6,Online
3397,2022-07-07,8,27,2,458.19,0,916.38,Representante
3398,2023-02-23,9,29,2,49.21,0,98.43,Representante
3399,2022-06-10,1,19,2,4231.86,5,8040.53,Representante
3400,2024-08-14,9,5,5,39.24,0,196.22,Online
3401,2023-02-09,3,16,1,596.33,0,596.33,Loja Física
3402,2022-12-28,8,4,5,566.54,10,2549.41,Online
3403,2023-09-13,9,44,3,46.74,0,140.21,Representante
3404,2024-07-07,6,8,6,392.34,15,2000.95,Online
3405,2023-07-11,4,28,1,1141.08,5,1084.02,Online
3406,2024-01-07,2,1,1,301.27,5,286.21,Loja Física
3407,2022-12-10,4,6,8,1026.44,5,7800.96,Loja Física
3408,2024-05-15,7,14,3,408.16,10,1102.02,Representante
3409,2024-06-06,7,27,5,351.36,0,1756.81,Loja Física
3410,2022-02-10,10,38,3,82.06,5,233.88,Loja Física
3411,2022-06-20,1,43,3,4454.19,0,13362.58,Representante
3412,2022-11-09,6,48,7,459.11,10,2892.38,Representante
3413,2022-12-26,8,50,9,531.92,0,4787.32,Loja Física
3414,2024-08-07,5,3,3,333.68,0,1001.03,Loja Física
3415,2023-08-04,7,25,2,348.4,5,661.96,Representante
3416,2024-09-11,10,46,3,96.64,0,289.91,Loja Física
3417,2022-10-07,9,26,5,44.27,15,188.14,Loja Física
3418,2023-02-05,7,10,2,345.27,0,690.55,Online
3419,2022-01-09,5,27,2,330.55,0,661.09,Representante
3420,2024-02-06,5,47,2,354.82,5,674.15,Loja Física
3421,2024-05-01,9,35,3,39.03,5,111.25,Representante
3422,2024-02-04,2,26,3,282.23,5,804.36,Loja Física
3423,2023-09-23,8,26,4,521.12,15,1771.8,Representante
3424,2022-05-26,1,35,6,3990.88,5,22748.02,Online
3425,2022-09-12,7,13,4,372.22,5,1414.45,Representante
3426,2022-11-29,3,41,3,566.09,0,1698.27,Loja Física
3427,2023-06-07,7,30,2,395.97,15,673.14,Loja Física
3428,2024-11-09,7,18,11,339.11,15,3170.66,Loja Física
3429,2024-01-25,8,16,4,568.56,15,1933.09,Online
3430,2024-02-29,4,45,4,1087.32,5,4131.81,Representante
3431,2023-05-21,9,38,10,47.22,0,472.18,Loja Física
3432,2022-03-12,2,7,3,255.88,0,767.64,Representante
3433,2022-02-27,4,6,1,1086.31,15,923.36,Representante
3434,2022-10-30,10,41,7,91.09,0,637.6,Representante
3435,2024-07-21,4,11,4,1129.7,15,3840.99,Online
3436,2023-06-05,10,50,3,78.24,0,234.73,Representante
3437,2022-11-27,8,34,7,557.19,0,3900.3,Online
3438,2022-07-09,8,16,6,459.6,15,2343.94,Representante
3439,2024-02-27,4,41,4,1311.82,5,4984.9,Representante
3440,2022-06-14,7,43,6,327.87,10,1770.48,Online
3441,2024-05-16,3,21,7,707.58,0,4953.07,Loja Física
3442,2023-06-02,9,33,6,41.56,15,211.95,Loja Física
3443,2024-10-22,5,42,2,372.14,10,669.85,Representante
3444,2024-02-23,10,32,8,95.08,10,684.6,Loja Física
3445,2024-04-22,6,19,5,404.02,15,1717.09,Online
3446,2022-08-12,6,50,3,378.21,15,964.45,Representante
3447,2023-12-07,1,25,8,4354.82,0,34838.6,Loja Física
3448,2023-03-06,8,13,6,473.29,15,2413.75,Loja Física
3449,2023-09-23,7,40,2,358.21,0,716.43,Online
3450,2024-10-04,5,43,2,316.76,0,633.52,Online
3451,2022-05-24,5,20,2,326.91,15,555.74,Loja Física
3452,2024-12-11,8,5,9,461.01,5,3941.64,Representante
3453,2023-08-14,6,49,3,446.4,15,1138.31,Loja Física
3454,2022-12-16,5,42,2,339.73,0,679.46,Loja Física
3455,2023-01-17,3,47,5,585.33,15,2487.63,Online
3456,2023-02-10,10,38,1,94.42,5,89.7,Online
3457,2024-10-26,1,45,4,4298.84,0,17195.35,Loja Física
3458,2023-03-12,3,44,4,559.2,0,2236.82,Online
3459,2022-05-01,3,41,2,634.21,15,1078.16,Online
3460,2023-01-28,8,12,1,467.89,0,467.89,Loja Física
3461,2024-06-21,1,33,9,4388.09,15,33568.85,Representante
3462,2022-08-12,7,50,5,396.36,15,1684.54,Online
3463,2022-06-13,2,47,2,299.75,0,599.49,Online
3464,2024-02-13,7,37,1,335.97,0,335.97,Loja Física
3465,2022-05-12,5,47,3,365.75,0,1097.26,Online
3466,2023-04-26,2,10,3,266.97,5,760.86,Loja Física
3467,2022-07-26,10,46,1,91.75,0,91.75,Online
3468,2023-06-29,3,8,1,605.75,0,605.75,Representante
3469,2022-03-27,7,24,3,367.22,0,1101.66,Online
3470,2024-12-05,6,19,9,386.29,0,3476.64,Loja Física
3471,2024-12-01,2,14,8,289.58,0,2316.65,Loja Física
3472,2024-08-27,10,49,3,87.8,0,263.39,Representante
3473,2024-05-29,3,48,3,677.24,0,2031.72,Loja Física
3474,2023-12-04,5,31,6,311.03,0,1866.17,Online
3475,2024-01-10,8,21,3,568.16,15,1448.81,Loja Física
3476,2024-02-15,6,2,4,364.19,10,1311.09,Online
3477,2023-12-31,2,17,4,261.96,0,1047.84,Online
3478,2022-01-07,5,12,3,307.56,5,876.54,Representante
3479,2024-04-02,5,4,4,367.02,15,1247.87,Online
3480,2022-02-22,4,21,2,1271.38,10,2288.49,Online
3481,2024-12-22,5,5,8,341.74,0,2733.93,Representante
3482,2023-05-25,9,39,3,44.55,0,133.65,Loja Física
3483,2024-08-31,7,26,1,389.69,10,350.72,Loja Física
3484,2023-01-20,1,14,1,3986.44,0,3986.44,Representante
3485,2023-10-22,6,39,8,445.04,0,3560.36,Representante
3486,2024-01-08,10,24,4,97.27,0,389.08,Representante
3487,2023-10-29,8,47,2,473.93,15,805.68,Loja Física
3488,2023-04-24,7,1,1,335.37,10,301.83,Loja Física
3489,2024-03-30,4,39,1,1179.84,15,1002.87,Representante
3490,2022-06-16,7,21,4,362.89,0,1451.56,Loja Física
3491,2024-09-02,6,11,6,360.63,15,1839.21,Representante
3492,2022-07-25,3,24,2,711.56,15,1209.64,Loja Física
3493,2023-08-25,4,6,7,1085.01,10,6835.57,Online
3494,2022-10-21,1,5,5,4276.23,10,19243.04,Representante
3495,2024-10-30,1,44,5,4353.25,0,21766.27,Online
3496,2024-10-16,4,22,3,1164.37,0,3493.1,Loja Física
3497,2024-08-14,6,22,6,395.32,0,2371.91,Loja Física
3498,2022-08-25,1,2,1,4896.13,5,4651.32,Representante
3499,2023-05-09,2,30,3,267.74,0,803.22,Online
3500,2022-12-16,5,21,13,311.27,15,3439.58,Representante
3501,2022-07-03,7,3,3,403.65,0,1210.94,Loja Física
3502,2022-03-01,9,14,2,44.82,0,89.63,Loja Física
3503,2024-02-25,6,19,2,431.35,0,862.71,Online
3504,2023-06-12,5,35,7,332.76,15,1979.94,Loja Física
3505,2022-09-10,1,22,5,3839.9,15,16319.58,Online
3506,2024-12-30,5,14,10,349.9,15,2974.17,Representante
3507,2024-10-04,10,11,3,83.8,0,251.39,Representante
3508,2023-11-13,5,2,4,370.19,0,1480.75,Representante
3509,2022-05-13,8,50,5,497.76,15,2115.46,Loja Física
3510,2024-02-12,8,12,3,563.48,15,1436.88,Representante
3511,2024-02-21,9,14,5,41.24,15,175.27,Representante
3512,2024-06-13,2,25,5,262.12,0,1310.62,Online
3513,2023-06-15,3,26,5,661.04,0,3305.21,Loja Física
3514,2022-06-29,9,50,3,38.63,0,115.89,Online
3515,2023-11-28,1,34,10,4948.86,15,42065.29,Representante
3516,2023-01-21,5,37,5,335.24,15,1424.75,Online
3517,2024-01-24,2,7,2,272.67,0,545.34,Loja Física
3518,2024-02-18,8,23,4,460.2,10,1656.71,Representante
3519,2022-01-04,10,45,1,91.59,0,91.59,Online
3520,2023-01-24,9,16,2,48.59,5,92.32,Loja Física
3521,2023-10-17,10,40,5,90.49,0,452.44,Representante
3522,2022-09-16,7,33,3,387.11,10,1045.19,Representante
3523,2023-03-31,1,33,1,4858.93,0,4858.93,Loja Física
3524,2022-01-19,4,36,1,1312.36,10,1181.13,Loja Física
3525,2023-10-10,9,16,5,43.25,0,216.26,Loja Física
3526,2023-03-25,7,23,2,397.39,5,755.04,Representante
3527,2024-07-22,3,38,6,670.44,0,4022.65,Representante
3528,2023-08-04,6,18,5,390.53,0,1952.63,Representante
3529,2022-03-12,6,30,6,395.1,10,2133.53,Loja Física
3530,2023-09-25,5,13,6,361.52,10,1952.19,Representante
3531,2022-09-10,3,35,1,561.68,0,561.68,Representante
3532,2024-09-06,4,31,3,1318.88,15,3363.15,Online
3533,2024-10-10,3,22,5,666.68,0,3333.39,Representante
3534,2024-02-11,10,11,2,80.89,0,161.78,Loja Física
3535,2022-11-09,2,20,4,240.34,15,817.15,Online
3536,2023-04-06,1,2,7,3956.14,15,23539.04,Representante
3537,2022-04-18,3,5,1,643.92,0,643.92,Loja Física
3538,2024-03-13,10,23,4,80.24,0,320.97,Representante
3539,2022-11-23,5,6,7,321.33,0,2249.32,Representante
3540,2024-03-14,9,15,3,45.27,0,135.82,Loja Física
3541,2024-08-27,5,16,2,363.58,0,727.17,Loja Física
3542,2024-03-11,5,2,6,299.64,0,1797.82,Representante
3543,2023-08-03,5,23,2,357.33,0,714.67,Representante
3544,2023-02-04,5,41,1,303.51,15,257.98,Representante
3545,2024-03-17,1,20,4,3874.94,0,15499.76,Online
3546,2023-10-25,9,11,3,49.25,10,132.97,Online
3547,2023-09-15,9,13,2,45.08,5,85.66,Representante
3548,2022-12-02,1,6,6,4643.6,10,25075.41,Online
3549,2024-06-23,5,32,4,369.3,15,1255.63,Loja Física
3550,2023-08-20,7,6,6,357.8,0,2146.77,Online
3551,2023-03-23,1,37,4,4097.3,15,13930.84,Online
3552,2022-01-19,10,11,1,91.37,0,91.37,Representante
3553,2022-07-28,1,9,1,4754.58,15,4041.4,Online
3554,2024-02-11,3,15,4,676.35,5,2570.14,Representante
3555,2022-12-11,6,45,5,378.24,0,1891.22,Online
3556,2023-12-30,9,17,10,48.97,5,465.22,Online
3557,2022-04-18,1,20,3,3991.67,0,11975.01,Representante
3558,2023-11-25,3,34,9,627.93,10,5086.2,Loja Física
3559,2022-11-01,1,5,5,3920.14,15,16660.59,Representante
3560,2024-04-07,6,23,6,407.99,0,2447.94,Online
3561,2022-09-01,4,40,1,1141.33,0,1141.33,Loja Física
3562,2024-09-27,9,38,7,44.05,0,308.37,Representante
3563,2022-12-20,2,38,12,242.42,15,2472.7,Representante
3564,2024-02-08,8,18,2,544.55,15,925.74,Representante
3565,2022-07-03,8,14,4,444.02,5,1687.28,Representante
3566,2024-02-22,1,26,2,4648.4,0,9296.8,Representante
3567,2024-06-30,2,1,6,256.55,0,1539.3,Online
3568,2022-09-03,4,46,1,1257.4,0,1257.4,Online
3569,2022-09-07,8,26,3,491.15,5,1399.79,Representante
3570,2024-11-09,9,24,8,49.49,0,395.94,Online
3571,2024-09-09,8,13,10,533.75,0,5337.5,Representante
3572,2022-07-13,4,35,3,1244.47,10,3360.07,Online
3573,2024-02-26,4,28,6,1073.9,5,6121.21,Representante
3574,2024-06-07,6,24,9,384.09,0,3456.85,Representante
3575,2022-09-14,1,46,4,4150.02,0,16600.08,Loja Física
3576,2022-05-11,7,37,2,342.18,15,581.7,Representante
3577,2023-01-14,9,45,2,41.19,5,78.27,Representante
3578,2022-02-10,7,1,6,344.45,5,1963.37,Representante
3579,2024-12-21,8,38,6,469.39,5,2675.52,Online
3580,2024-11-28,4,27,12,1201.64,10,12977.68,Representante
3581,2022-09-12,9,39,5,48.22,0,241.1,Representante
3582,2022-08-29,6,11,5,414.2,0,2071.02,Representante
3583,2023-01-04,6,33,3,443.38,0,1330.15,Representante
3584,2024-07-04,3,48,7,679.3,0,4755.11,Online
3585,2022-03-22,10,20,4,90.85,0,363.39,Representante
3586,2023-02-27,8,5,4,476.3,15,1619.41,Online
3587,2022-06-29,8,25,1,529.13,10,476.21,Loja Física
3588,2022-03-13,1,40,4,4560.21,0,18240.85,Online
3589,2024-11-02,4,20,10,1067.77,0,10677.74,Loja Física
3590,2022-12-18,9,16,6,44.34,5,252.74,Representante
3591,2022-01-01,2,18,2,242.17,0,484.35,Loja Física
3592,2022-04-05,4,34,5,1131.34,10,5091.02,Loja Física
3593,2024-12-29,7,10,6,376.45,5,2145.77,Online
3594,2024-10-01,1,28,4,4548.93,15,15466.38,Loja Física
3595,2024-12-06,7,17,4,390.93,0,1563.72,Representante
3596,2024-11-11,1,49,11,4768.45,0,52452.96,Representante
3597,2022-07-22,9,36,5,40.74,15,173.13,Online
3598,2023-05-01,4,50,1,1254.21,0,1254.21,Online
3599,2022-10-18,5,28,3,326.83,0,980.49,Online
3600,2022-10-02,10,49,3,79.0,10,213.31,Representante
3601,2023-03-19,8,27,2,570.91,10,1027.64,Loja Física
3602,2023-07-23,3,47,2,576.74,0,1153.48,Representante
3603,2024-05-14,10,31,3,80.8,0,242.4,Representante
3604,2023-06-07,3,33,1,674.89,0,674.89,Loja Física
3605,2022-12-01,5,21,7,381.48,5,2536.87,Loja Física
3606,2022-06-20,1,31,4,4652.95,0,18611.78,Representante
3607,2024-05-21,9,18,5,44.78,15,190.32,Online
3608,2023-02-22,7,34,2,333.42,0,666.84,Representante
3609,2023-07-06,8,34,4,483.99,15,1645.57,Representante
3610,2023-01-30,2,7,5,279.56,15,1188.13,Loja Física
3611,2024-11-13,7,47,6,358.7,10,1937.0,Online
3612,2024-05-09,6,35,2,455.26,0,910.51,Loja Física
3613,2024-06-07,9,7,7,41.88,5,278.47,Online
3614,2023-05-22,9,34,6,43.96,0,263.77,Loja Física
3615,2022-09-13,6,8,7,432.16,10,2722.6,Online
3616,2024-04-13,7,7,2,417.33,0,834.67,Loja Física
3617,2022-07-02,8,45,1,559.36,0,559.36,Loja Física
3618,2023-07-14,6,37,4,372.92,0,1491.67,Online
3619,2023-07-15,5,15,4,378.67,0,1514.66,Online
3620,2024-02-12,4,14,2,1310.21,0,2620.42,Loja Física
3621,2022-08-04,6,30,5,358.26,0,1791.3,Online
3622,2024-12-14,8,29,10,452.83,15,3849.03,Loja Física
3623,2024-09-29,1,10,5,4544.65,0,22723.23,Representante
3624,2023-12-16,7,43,12,328.68,15,3352.49,Representante
3625,2023-08-01,2,17,2,261.63,10,470.93,Loja Física
3626,2022-07-22,9,3,5,41.19,0,205.96,Online
3627,2023-10-14,3,11,1,672.16,5,638.55,Online
3628,2023-12-08,4,28,8,1233.73,15,8389.38,Representante
3629,2024-12-24,3,20,6,567.53,10,3064.67,Representante
3630,2024-04-04,5,19,4,335.76,5,1275.89,Representante
3631,2022-09-19,2,3,4,298.52,0,1194.08,Online
3632,2024-11-17,5,13,11,330.56,15,3090.75,Online
3633,2022-09-16,7,10,4,343.96,0,1375.83,Loja Física
3634,2023-07-02,4,8,2,1203.66,0,2407.32,Representante
3635,2024-01-29,3,40,5,676.17,15,2873.73,Online
3636,2024-05-06,10,17,3,98.86,15,252.09,Loja Física
3637,2023-01-10,4,7,2,1249.28,5,2373.64,Loja Física
3638,2024-08-17,10,2,3,88.37,10,238.6,Loja Física
3639,2023-07-19,10,41,6,93.28,5,531.69,Representante
3640,2023-04-14,10,44,3,88.31,0,264.92,Representante
3641,2022-06-28,1,29,3,4165.05,0,12495.14,Loja Física
3642,2023-10-03,3,44,5,700.32,0,3501.61,Representante
3643,2022-06-12,10,30,5,88.54,0,442.68,Representante
3644,2023-05-07,1,15,5,4748.94,0,23744.72,Online
3645,2022-04-28,5,11,1,345.43,0,345.43,Representante
3646,2023-08-09,7,43,4,405.0,10,1458.0,Loja Física
3647,2022-01-22,1,33,1,4422.24,5,4201.13,Representante
3648,2024-11-07,1,48,6,3939.63,15,20092.12,Online
3649,2024-09-09,4,10,2,1089.98,5,2070.97,Representante
3650,2024-12-26,7,29,5,345.19,15,1467.06,Online
3651,2024-04-10,9,27,4,45.88,0,183.52,Representante
3652,2023-01-25,6,47,4,418.84,15,1424.05,Online
3653,2024-05-20,8,48,3,533.83,15,1361.28,Representante
3654,2023-12-08,2,44,4,287.9,0,1151.61,Representante
3655,2024-12-17,2,17,5,297.14,15,1262.85,Representante
3656,2022-03-28,9,32,4,48.63,10,175.08,Loja Física
3657,2022-12-12,8,47,6,517.72,15,2640.35,Representante
3658,2023-04-06,9,46,9,39.5,0,355.54,Online
3659,2024-01-22,1,36,5,4559.08,0,22795.38,Representante
3660,2023-12-25,7,6,9,342.94,0,3086.45,Loja Física
3661,2024-10-11,1,1,2,4129.61,5,7846.27,Online
3662,2024-02-04,8,29,1,529.69,0,529.69,Loja Física
3663,2023-05-27,2,22,1,276.19,10,248.57,Online
3664,2023-08-18,10,25,5,82.38,0,411.89,Loja Física
3665,2023-08-25,6,32,3,453.23,0,1359.68,Online
3666,2022-01-05,10,16,3,91.73,15,233.91,Representante
3667,2024-03-17,8,10,5,489.25,0,2446.26,Loja Física
3668,2024-11-21,6,13,4,409.73,0,1638.92,Loja Física
3669,2024-09-26,1,47,4,4056.04,0,16224.17,Loja Física
3670,2022-01-13,3,11,2,679.42,10,1222.96,Loja Física
3671,2023-11-04,10,12,4,93.41,0,373.65,Loja Física
3672,2022-08-08,1,32,2,3863.15,0,7726.31,Loja Física
3673,2023-01-17,4,24,1,1042.56,5,990.43,Loja Física
3674,2022-01-19,6,14,1,373.96,0,373.96,Loja Física
3675,2024-10-04,6,15,3,417.33,0,1251.98,Online
3676,2024-12-19,6,6,5,434.73,10,1956.3,Online
3677,2024-04-21,4,1,6,1182.07,0,7092.44,Loja Física
3678,2022-01-15,8,48,1,453.26,0,453.26,Representante
3679,2023-05-28,6,15,1,408.51,0,408.51,Loja Física
3680,2024-03-20,8,26,2,547.31,0,1094.63,Loja Física
3681,2024-01-17,3,26,2,677.47,5,1287.19,Online
3682,2023-07-06,7,8,4,371.03,0,1484.12,Loja Física
3683,2024-06-18,5,42,3,361.91,0,1085.74,Online
3684,2023-12-26,9,8,6,38.61,15,196.92,Loja Física
3685,2022-01-12,6,19,2,366.7,0,733.39,Representante
3686,2023-02-11,1,34,4,4734.74,0,18938.95,Online
3687,2023-08-07,10,23,3,93.62,0,280.87,Online
3688,2024-03-19,7,45,1,404.11,5,383.9,Representante
3689,2023-11-10,3,10,4,614.27,0,2457.07,Online
3690,2023-02-12,4,44,5,1212.49,5,5759.35,Representante
3691,2023-06-29,5,18,3,355.7,0,1067.1,Loja Física
3692,2024-09-28,6,50,2,377.01,10,678.62,Loja Física
3693,2022-09-18,9,16,5,38.37,0,191.85,Loja Física
3694,2024-10-24,1,28,2,4330.21,15,7361.36,Representante
3695,2024-03-07,5,28,4,380.72,0,1522.86,Online
3696,2022-08-09,8,5,4,469.36,0,1877.45,Online
3697,2022-11-15,7,29,4,373.1,0,1492.4,Representante
3698,2022-01-28,1,21,1,4902.59,15,4167.2,Online
3699,2022-04-17,5,45,2,301.05,15,511.78,Loja Física
3700,2024-05-29,1,9,2,4561.45,10,8210.61,Representante
3701,2022-01-17,4,43,2,1122.11,5,2132.02,Loja Física
3702,2023-08-16,9,42,2,45.38,0,90.76,Loja Física
3703,2022-06-19,7,4,2,351.16,5,667.21,Online
3704,2022-11-09,1,10,7,4709.67,15,28022.52,Representante
3705,2023-01-18,4,26,4,1124.32,0,4497.29,Loja Física
3706,2022-08-24,9,6,1,49.37,0,49.37,Representante
3707,2023-05-22,2,20,7,242.89,15,1445.2,Loja Física
3708,2023-02-11,10,26,2,82.37,5,156.5,Representante
3709,2022-07-31,7,39,2,354.29,15,602.29,Representante
3710,2024-10-25,3,45,2,684.63,10,1232.34,Online
3711,2023-01-22,2,42,2,287.02,10,516.63,Representante
3712,2022-11-01,8,17,6,520.19,0,3121.14,Online
3713,2022-09-28,5,2,5,345.63,5,1641.72,Online
3714,2023-07-15,4,26,9,1311.6,0,11804.38,Online
3715,2024-05-23,3,41,1,697.59,0,697.59,Representante
3716,2023-02-13,3,34,2,667.33,0,1334.67,Online
3717,2024-02-18,9,7,2,46.76,5,88.84,Representante
3718,2023-09-20,9,48,2,42.44,15,72.16,Representante
3719,2023-04-19,8,47,4,567.7,0,2270.8,Loja Física
3720,2024-05-22,1,1,5,4789.76,5,22751.36,Online
3721,2024-11-10,3,8,10,600.74,5,5707.04,Representante
3722,2022-04-16,1,8,3,4404.3,0,13212.91,Online
3723,2023-07-06,7,40,4,367.78,0,1471.12,Loja Física
3724,2023-12-20,10,6,3,79.47,15,202.65,Loja Física
3725,2023-05-21,1,30,3,4371.68,0,13115.05,Online
3726,2023-01-08,4,38,6,1204.37,0,7226.2,Online
3727,2022-04-17,8,32,2,484.68,15,823.96,Representante
3728,2023-10-21,7,7,4,323.74,0,1294.94,Loja Física
3729,2024-08-24,9,14,2,38.77,0,77.54,Representante
3730,2022-07-26,4,38,4,1312.84,5,4988.79,Online
3731,2023-06-01,4,46,3,1227.91,5,3499.55,Loja Física
3732,2023-11-16,4,25,4,1183.18,0,4732.72,Online
3733,2022-07-18,9,12,4,43.89,15,149.24,Online
3734,2022-09-24,2,9,2,274.74,0,549.49,Loja Física
3735,2024-01-11,1,8,5,3942.6,15,16756.06,Representante
3736,2024-12-19,3,42,8,611.33,10,4401.59,Loja Física
3737,2023-05-03,9,26,3,42.34,15,107.97,Loja Física
3738,2023-03-07,2,35,5,304.18,10,1368.81,Loja Física
3739,2022-06-28,10,15,8,96.89,0,775.12,Online
3740,2022-09-04,10,12,4,77.37,0,309.47,Representante
3741,2023-01-26,4,21,4,1033.1,0,4132.41,Representante
3742,2024-07-01,7,43,9,377.6,0,3398.36,Online
3743,2023-12-04,8,17,4,549.29,0,2197.16,Representante
3744,2024-08-29,5,23,3,343.87,0,1031.61,Representante
3745,2022-11-11,10,45,8,76.95,0,615.57,Online
3746,2023-01-28,4,30,2,1207.13,5,2293.55,Representante
3747,2023-06-02,1,1,3,4747.09,10,12817.15,Loja Física
3748,2024-01-20,8,50,2,483.8,5,919.22,Representante
3749,2022-08-29,4,8,1,1140.39,5,1083.37,Online
3750,2024-09-15,10,10,4,93.87,5,356.72,Representante
3751,2024-10-28,2,36,4,278.6,0,1114.39,Online
3752,2023-07-16,6,13,2,392.18,15,666.71,Online
3753,2023-08-17,2,27,4,268.95,0,1075.81,Representante
3754,2022-05-05,7,43,4,406.95,15,1383.63,Online
3755,2024-03-25,5,43,3,370.32,5,1055.42,Representante
3756,2024-12-26,8,6,8,470.12,10,3384.84,Online
3757,2022-12-05,8,2,9,442.28,5,3781.46,Representante
3758,2024-02-26,10,34,4,84.42,10,303.92,Loja Física
3759,2024-03-31,2,26,2,265.87,10,478.57,Loja Física
3760,2023-02-28,10,5,2,93.26,0,186.51,Online
3761,2022-11-24,8,20,7,568.78,10,3583.3,Online
3762,2022-01-19,6,49,1,368.21,10,331.39,Loja Física
3763,2024-10-28,2,33,6,243.16,15,1240.11,Representante
3764,2024-12-11,3,35,10,623.82,0,6238.2,Loja Física
3765,2023-03-28,4,13,7,1172.09,0,8204.61,Representante
3766,2023-07-04,1,34,4,4230.45,10,15229.6,Online
3767,2022-12-17,8,4,7,511.08,0,3577.59,Online
3768,2024-12-28,4,10,10,1223.55,0,12235.55,Loja Física
3769,2022-03-22,3,30,4,709.45,15,2412.13,Online
3770,2023-07-23,8,32,3,540.51,0,1621.54,Loja Física
3771,2022-04-16,8,39,5,550.66,15,2340.32,Online
3772,2023-03-07,6,47,1,383.4,10,345.06,Online
3773,2022-01-03,2,23,4,302.49,15,1028.48,Loja Física
3774,2024-01-26,1,7,4,4286.92,0,17147.69,Online
3775,2023-06-25,10,40,2,87.53,15,148.8,Online
3776,2024-04-16,10,9,4,80.74,10,290.67,Loja Física
3777,2023-10-27,5,32,3,317.93,0,953.8,Representante
3778,2022-01-22,2,30,3,305.24,0,915.72,Online
3779,2023-07-27,9,5,5,38.54,0,192.7,Loja Física
3780,2022-02-02,8,43,1,486.34,10,437.7,Representante
3781,2022-08-06,7,46,4,342.67,15,1165.06,Representante
3782,2024-02-22,6,45,2,403.03,15,685.15,Loja Física
3783,2023-02-27,4,35,4,1047.92,5,3982.11,Online
3784,2023-10-27,6,45,3,357.0,0,1071.0,Online
3785,2024-03-20,2,28,3,246.41,0,739.23,Loja Física
3786,2023-04-20,4,1,1,1049.93,15,892.44,Representante
3787,2024-06-07,9,12,10,40.7,0,406.96,Online
3788,2024-09-08,3,41,4,632.37,0,2529.48,Loja Física
3789,2023-01-07,9,11,5,45.06,5,214.01,Online
3790,2022-12-27,2,16,2,300.02,0,600.04,Representante
3791,2024-10-01,6,8,3,439.48,15,1120.69,Online
3792,2023-08-01,7,50,2,324.15,0,648.31,Loja Física
3793,2022-11-30,6,38,3,419.13,0,1257.4,Loja Física
3794,2023-01-20,3,46,2,660.06,0,1320.12,Online
3795,2022-05-28,7,2,4,379.55,5,1442.3,Online
3796,2024-07-20,3,26,7,699.17,15,4160.08,Loja Física
3797,2022-07-25,4,32,5,1123.04,15,4772.93,Representante
3798,2022-10-09,1,23,2,4049.8,15,6884.67,Online
3799,2022-07-24,4,46,5,1232.26,5,5853.23,Loja Física
3800,2022-02-12,5,34,1,338.25,0,338.25,Online
3801,2022-03-31,2,40,2,271.41,0,542.83,Online
3802,2022-06-21,8,9,3,453.44,0,1360.32,Online
3803,2022-01-28,6,39,3,376.66,0,1129.97,Online
3804,2023-11-25,5,38,3,375.73,15,958.12,Online
3805,2023-02-19,9,32,1,43.18,0,43.18,Loja Física
3806,2024-06-28,10,32,4,85.13,0,340.52,Loja Física
3807,2023-11-11,7,44,9,325.7,5,2784.71,Online
3808,2023-05-15,10,33,3,85.01,0,255.04,Representante
3809,2023-07-02,10,14,5,90.26,15,383.59,Representante
3810,2022-09-10,8,47,2,513.75,0,1027.5,Online
3811,2022-07-30,8,44,2,533.94,10,961.09,Loja Física
3812,2022-07-30,7,11,3,390.89,10,1055.41,Loja Física
3813,2022-10-18,6,9,6,403.31,0,2419.88,Online
3814,2022-02-19,10,8,1,85.8,0,85.8,Loja Física
3815,2024-02-29,3,46,2,608.24,0,1216.49,Loja Física
3816,2023-08-11,7,10,2,410.97,0,821.95,Representante
3817,2024-02-27,7,47,1,375.22,15,318.94,Representante
3818,2022-08-19,10,34,3,89.0,5,253.65,Online
3819,2022-08-14,9,40,2,44.34,0,88.69,Online
3820,2023-08-01,1,27,2,4201.81,0,8403.62,Online
3821,2023-11-15,6,40,4,377.98,0,1511.92,Loja Física
3822,2022-06-23,6,27,1,386.96,0,386.96,Representante
3823,2022-11-06,4,2,8,1285.29,0,10282.35,Loja Física
3824,2024-12-22,4,36,7,1313.04,0,9191.29,Representante
3825,2023-01-07,4,40,2,1138.96,15,1936.24,Loja Física
3826,2022-11-04,1,15,7,4467.61,15,26582.27,Representante
3827,2023-09-10,9,27,4,42.88,10,154.36,Loja Física
3828,2023-12-15,9,40,2,43.89,0,87.78,Loja Física
3829,2024-10-19,3,23,5,654.16,15,2780.18,Loja Física
3830,2023-06-28,10,33,4,95.92,15,326.13,Online
3831,2022-01-05,6,32,3,391.68,0,1175.05,Representante
3832,2022-10-28,2,20,3,278.84,0,836.52,Online
3833,2024-03-10,8,19,3,503.26,5,1434.28,Representante
3834,2024-09-06,10,47,2,83.83,0,167.67,Online
3835,2024-05-25,2,23,5,276.4,15,1174.7,Loja Física
3836,2022-10-24,1,14,1,4041.93,0,4041.93,Loja Física
3837,2022-09-19,9,25,3,48.79,0,146.38,Loja Física
3838,2023-12-24,5,40,5,376.77,0,1883.84,Loja Física
3839,2024-05-18,8,1,6,507.89,5,2894.99,Representante
3840,2024-04-27,10,3,4,92.32,10,332.37,Representante
3841,2023-11-14,3,20,9,623.52,0,5611.65,Representante
3842,2023-05-19,6,4,3,382.27,5,1089.47,Loja Física
3843,2024-10-15,3,50,6,572.82,10,3093.23,Representante
3844,2024-10-05,5,23,3,369.9,10,998.73,Representante
3845,2023-04-17,9,50,4,39.97,5,151.9,Online
3846,2024-05-13,5,8,6,360.87,10,1948.67,Representante
3847,2023-03-26,10,49,1,97.84,15,83.16,Online
3848,2023-04-27,10,42,3,94.62,0,283.85,Online
3849,2023-02-21,10,44,1,82.64,0,82.64,Loja Física
3850,2024-08-28,3,23,5,628.04,0,3140.19,Online
3851,2022-05-03,10,30,3,84.98,0,254.93,Loja Física
3852,2022-10-13,8,36,3,549.12,0,1647.36,Loja Física
3853,2022-10-23,10,9,1,85.1,10,76.59,Loja Física
3854,2023-05-12,4,25,7,1135.46,0,7948.21,Online
3855,2022-04-25,2,18,1,258.73,15,219.92,Online
3856,2022-08-29,5,46,4,328.92,15,1118.34,Representante
3857,2022-10-21,8,42,2,506.48,5,962.32,Representante
3858,2022-02-23,1,45,1,4441.73,15,3775.47,Loja Física
3859,2024-02-01,2,33,2,307.57,0,615.13,Representante
3860,2022-08-06,4,43,1,1041.6,15,885.36,Representante
3861,2022-06-01,6,23,3,408.82,5,1165.14,Representante
3862,2022-11-20,3,49,5,680.18,0,3400.92,Online
3863,2024-01-19,7,25,1,341.82,0,341.82,Online
3864,2023-05-17,4,43,2,1221.88,0,2443.76,Online
3865,2024-05-02,4,31,4,1143.97,0,4575.88,Online
3866,2024-08-20,5,20,2,352.62,15,599.45,Online
3867,2024-12-16,9,4,8,49.05,15,333.53,Loja Física
3868,2024-08-20,9,19,6,48.64,5,277.23,Representante
3869,2023-11-22,1,43,6,3924.66,5,22370.55,Representante
3870,2022-01-28,10,20,1,87.54,0,87.54,Online
3871,2022-11-16,1,34,4,4612.23,0,18448.92,Representante
3872,2022-03-07,10,23,1,85.19,10,76.68,Online
3873,2024-10-27,6,22,5,437.01,0,2185.05,Online
3874,2024-03-22,7,27,6,332.9,5,1897.55,Representante
3875,2024-07-19,6,39,3,448.29,10,1210.38,Representante
3876,2023-06-13,1,40,9,4511.32,10,36541.69,Representante
3877,2023-09-19,3,32,1,619.7,15,526.74,Online
3878,2024-05-17,1,44,4,4208.04,0,16832.18,Loja Física
3879,2022-07-08,1,26,1,4687.43,10,4218.69,Loja Física
3880,2022-09-14,3,16,4,558.65,15,1899.42,Online
3881,2024-03-31,1,48,5,4106.73,10,18480.28,Online
3882,2023-03-25,8,4,2,491.41,5,933.67,Online
3883,2022-06-08,8,20,1,451.66,15,383.91,Loja Física
3884,2024-09-04,9,6,7,40.94,0,286.58,Representante
3885,2024-04-09,6,44,4,428.74,5,1629.22,Online
3886,2022-04-22,4,49,2,1249.77,0,2499.54,Representante
3887,2024-05-18,5,40,3,351.03,0,1053.1,Loja Física
3888,2022-08-11,8,16,8,495.04,0,3960.3,Online
3889,2024-01-13,5,21,4,310.44,10,1117.59,Loja Física
3890,2022-02-27,4,48,1,1122.62,0,1122.62,Loja Física
3891,2022-11-30,10,41,5,91.34,10,411.03,Online
3892,2022-05-14,6,41,2,411.55,0,823.1,Representante
3893,2022-01-23,4,38,3,1164.65,0,3493.96,Online
3894,2023-02-18,7,40,2,394.98,15,671.47,Online
3895,2023-05-08,5,5,5,347.73,0,1738.65,Online
3896,2022-04-02,4,43,5,1098.1,10,4941.46,Loja Física
3897,2022-04-04,1,11,4,4644.15,0,18576.58,Loja Física
3898,2022-07-10,2,14,5,292.16,0,1460.79,Online
3899,2024-01-01,7,42,1,376.58,0,376.58,Loja Física
3900,2024-10-21,9,34,2,45.58,0,91.16,Loja Física
3901,2024-03-11,3,11,6,709.54,15,3618.66,Loja Física
3902,2022-09-23,9,45,3,44.15,15,112.58,Representante
3903,2022-07-19,10,24,2,79.76,0,159.53,Loja Física
3904,2024-10-28,1,23,4,4256.32,0,17025.29,Representante
3905,2022-11-04,5,40,7,358.93,0,2512.5,Representante
3906,2024-02-22,4,13,4,1245.51,5,4732.92,Representante
3907,2022-03-18,7,4,4,329.39,0,1317.57,Online
3908,2022-11-07,1,10,9,4518.61,15,34567.37,Loja Física
3909,2022-06-11,6,18,4,388.75,15,1321.75,Online
3910,2023-04-20,7,11,1,405.97,0,405.97,Representante
3911,2022-10-16,9,21,4,41.14,15,139.89,Online
3912,2024-10-24,5,50,2,319.43,10,574.97,Representante
3913,2024-12-07,8,29,6,445.68,0,2674.05,Loja Física
3914,2022-09-26,1,23,2,4109.27,0,8218.53,Loja Física
3915,2024-01-08,3,3,1,643.58,10,579.22,Loja Física
3916,2022-03-23,9,45,1,43.19,15,36.71,Representante
3917,2024-03-04,9,27,4,46.85,0,187.4,Online
3918,2022-06-03,10,29,7,87.12,0,609.83,Representante
3919,2024-10-15,4,3,1,1184.36,0,1184.36,Online
3920,2022-10-20,3,44,2,616.75,0,1233.51,Representante
3921,2022-06-28,2,18,2,241.72,5,459.27,Online
3922,2024-07-20,9,13,8,41.74,0,333.96,Online
3923,2023-08-29,4,34,2,1180.24,0,2360.47,Online
3924,2023-07-28,9,13,6,46.8,10,252.74,Loja Física
3925,2023-12-25,4,2,5,1151.03,0,5755.17,Online
3926,2023-01-02,10,38,2,92.38,15,157.05,Loja Física
3927,2023-06-13,7,38,4,399.33,5,1517.44,Loja Física
3928,2024-06-24,5,42,1,303.11,15,257.65,Online
3929,2022-09-11,6,16,4,359.35,10,1293.65,Loja Física
3930,2022-03-23,6,45,2,414.8,0,829.6,Loja Física
3931,2024-04-01,1,19,1,4745.08,5,4507.83,Representante
3932,2022-09-22,1,23,5,4401.39,5,20906.59,Loja Física
3933,2024-11-15,4,24,8,1029.72,10,7413.98,Loja Física
3934,2024-02-05,1,18,4,4181.73,0,16726.9,Representante
3935,2024-04-26,6,16,2,433.9,10,781.02,Loja Física
3936,2023-06-23,9,19,2,42.13,15,71.62,Online
3937,2022-04-27,4,25,1,1242.02,15,1055.72,Online
3938,2022-01-17,9,37,2,48.06,0,96.12,Online
3939,2023-08-19,9,2,2,48.39,5,91.95,Online
3940,2024-03-28,9,12,4,48.99,0,195.98,Online
3941,2024-03-06,4,17,4,1289.89,5,4901.59,Representante
3942,2022-07-11,8,42,4,530.86,0,2123.46,Loja Física
3943,2024-08-17,3,42,1,638.58,15,542.79,Representante
3944,2024-08-10,9,28,4,45.54,0,182.18,Online
3945,2023-01-05,2,39,2,243.05,15,413.19,Online
3946,2024-03-23,10,41,1,91.12,5,86.56,Online
3947,2024-04-02,7,48,3,334.05,0,1002.14,Online
3948,2023-10-12,10,31,7,84.09,0,588.66,Representante
3949,2024-09-22,7,30,5,363.75,0,1818.77,Representante
3950,2024-09-02,10,9,5,94.96,0,474.78,Loja Física
3951,2024-07-19,9,32,5,46.92,0,234.58,Representante
3952,2022-11-15,2,48,6,281.83,5,1606.4,Online
3953,2023-03-14,4,7,1,1223.48,0,1223.48,Representante
3954,2022-03-06,3,36,2,685.61,10,1234.09,Loja Física
3955,2022-05-08,10,43,2,93.83,0,187.65,Loja Física
3956,2024-08-27,6,33,6,402.07,0,2412.42,Online
3957,2023-03-10,7,4,2,344.57,0,689.14,Representante
3958,2024-05-16,2,4,1,277.96,0,277.96,Loja Física
3959,2022-12-27,9,11,4,46.12,0,184.47,Online
3960,2022-05-22,9,26,3,49.41,0,148.23,Loja Física
3961,2022-06-17,3,38,6,612.64,0,3675.84,Representante
3962,2024-07-13,9,38,2,48.83,5,92.77,Representante
3963,2023-03-15,7,42,6,413.06,15,2106.63,Loja Física
3964,2023-01-12,2,46,4,307.86,0,1231.44,Online
3965,2024-05-27,3,16,1,661.22,0,661.22,Loja Física
3966,2022-12-03,9,3,2,40.61,0,81.23,Loja Física
3967,2024-05-08,9,16,3,47.25,5,134.68,Loja Física
3968,2022-11-26,6,19,10,454.96,15,3867.2,Loja Física
3969,2023-12-28,1,2,6,4901.54,15,24997.83,Representante
3970,2024-03-07,9,16,2,40.33,0,80.66,Representante
3971,2023-02-11,7,15,3,390.63,0,1171.88,Representante
3972,2022-10-24,7,13,1,374.6,0,374.6,Representante
3973,2023-10-11,9,35,4,41.86,0,167.44,Online
3974,2024-07-28,10,7,3,98.22,0,294.67,Loja Física
3975,2023-10-11,8,9,4,558.23,0,2232.93,Representante
3976,2024-04-12,2,8,4,252.03,0,1008.12,Representante
3977,2022-01-08,5,2,1,298.74,5,283.8,Online
3978,2024-07-09,5,45,2,368.6,15,626.63,Representante
3979,2022-07-19,10,1,7,93.03,0,651.22,Online
3980,2023-01-20,9,28,5,42.53,5,202.04,Representante
3981,2022-12-07,10,34,6,97.72,10,527.7,Loja Física
3982,2023-03-19,4,23,1,1249.08,0,1249.08,Online
3983,2023-01-27,10,1,2,87.74,15,149.17,Representante
3984,2022-01-30,8,49,1,486.91,0,486.91,Loja Física
3985,2022-02-03,2,46,1,272.98,0,272.98,Loja Física
3986,2024-10-25,10,28,2,79.68,0,159.36,Representante
3987,2024-10-19,7,26,1,338.58,15,287.79,Loja Física
3988,2024-04-27,6,1,4,417.78,5,1587.57,Loja Física
3989,2023-12-23,6,10,10,449.79,10,4048.15,Loja Física
3990,2024-12-07,1,6,6,4453.14,0,26718.87,Online
3991,2022-12-27,3,28,2,706.49,5,1342.33,Loja Física
3992,2024-02-04,2,26,1,242.17,0,242.17,Representante
3993,2022-11-30,9,31,7,44.25,10,278.76,Loja Física
3994,2024-02-21,4,2,4,1105.43,0,4421.73,Representante
3995,2024-06-14,8,4,5,552.49,15,2348.06,Loja Física
3996,2022-07-23,5,32,4,344.73,0,1378.91,Online
3997,2022-07-03,9,34,4,45.73,15,155.47,Online
3998,2024-04-22,3,27,1,683.07,0,683.07,Loja Física
3999,2022-07-24,5,7,5,377.68,15,1605.16,Loja Física
4000,2024-10-27,8,14,6,446.33,10,2410.19,Online
4001,2023-08-17,9,1,1,40.97,5,38.92,Online
4002,2023-04-02,10,13,4,78.09,5,296.75,Representante
4003,2024-02-20,9,30,4,43.3,0,173.21,Online
4004,2024-08-19,3,3,2,626.87,0,1253.74,Loja Física
4005,2024-08-08,2,31,6,286.56,5,1633.38,Representante
4006,2024-03-21,6,32,2,408.37,0,816.74,Loja Física
4007,2023-04-04,8,43,7,453.45,10,2856.75,Loja Física
4008,2023-07-03,2,10,3,303.73,15,774.52,Loja Física
4009,2023-09-22,4,46,5,1191.11,5,5657.76,Representante
4010,2023-05-10,8,29,1,487.04,0,487.04,Loja Física
4011,2022-03-08,2,47,5,278.9,0,1394.48,Online
4012,2022-11-11,2,12,3,283.48,0,850.43,Representante
4013,2023-10-13,7,25,3,370.75,0,1112.24,Online
4014,2024-05-30,10,33,3,93.61,0,280.82,Representante
4015,2024-03-12,6,16,4,416.48,0,1665.91,Representante
4016,2024-03-16,4,9,7,1231.43,0,8620.0,Representante
4017,2024-05-28,8,30,3,537.04,0,1611.12,Representante
4018,2024-03-10,10,13,5,93.79,15,398.6,Online
4019,2024-04-05,5,27,3,306.14,0,918.43,Representante
4020,2022-11-21,6,36,4,412.15,5,1566.17,Online
4021,2022-07-23,2,38,2,255.92,15,435.07,Online
4022,2024-10-29,4,39,2,1118.65,0,2237.3,Representante
4023,2024-03-13,2,12,4,256.31,15,871.45,Loja Física
4024,2022-11-22,6,23,7,370.86,0,2596.02,Online
4025,2022-07-10,2,4,3,298.59,0,895.78,Online
4026,2024-06-14,4,21,6,1284.9,0,7709.41,Representante
4027,2022-11-10,7,18,3,372.38,0,1117.14,Representante
4028,2022-06-11,6,28,5,374.26,10,1684.15,Loja Física
4029,2022-02-21,5,44,4,300.33,15,1021.12,Representante
4030,2022-09-25,4,41,8,1274.08,5,9683.0,Representante
4031,2024-01-04,9,10,1,43.29,0,43.29,Online
4032,2023-03-31,1,18,2,4828.07,0,9656.13,Online
4033,2023-05-18,1,8,6,4770.29,15,24328.47,Loja Física
4034,2023-06-18,3,44,2,713.9,15,1213.62,Online
4035,2023-07-18,8,50,6,482.76,0,2896.57,Online
4036,2022-02-17,5,48,4,356.27,15,1211.32,Representante
4037,2022-07-31,2,20,5,301.22,0,1506.11,Loja Física
4038,2022-09-09,7,7,2,361.19,0,722.38,Online
4039,2023-08-02,8,7,3,548.07,0,1644.22,Online
4040,2022-07-10,3,23,2,616.11,0,1232.21,Loja Física
4041,2024-01-11,3,27,2,637.85,0,1275.7,Loja Física
4042,2022-07-26,5,35,3,327.12,5,932.3,Online
4043,2024-04-27,4,38,3,1204.61,0,3613.83,Loja Física
4044,2022-06-06,7,45,5,373.18,0,1865.9,Representante
4045,2024-05-09,4,26,5,1131.2,5,5373.2,Loja Física
4046,2024-07-12,9,7,4,44.14,0,176.57,Online
4047,2023-09-04,5,19,6,383.87,0,2303.23,Online
4048,2022-03-06,9,8,5,41.59,0,207.96,Loja Física
4049,2023-12-12,5,33,5,375.63,5,1784.24,Representante
4050,2022-01-11,4,24,4,1150.02,0,4600.09,Representante
4051,2023-06-06,1,3,4,4703.32,0,18813.27,Online
4052,2022-03-02,8,43,2,544.97,10,980.94,Online
4053,2024-11-26,1,14,9,4282.8,10,34690.71,Online
4054,2023-03-19,2,36,5,299.1,0,1495.48,Online
4055,2023-03-21,9,3,7,43.95,0,307.66,Loja Física
4056,2022-10-11,2,31,4,269.29,0,1077.18,Online
4057,2022-09-17,2,30,2,282.02,0,564.05,Loja Física
4058,2024-09-13,2,9,4,301.42,0,1205.66,Online
4059,2023-12-15,10,39,3,77.29,15,197.09,Representante
4060,2023-08-26,2,15,2,258.92,5,491.95,Representante
4061,2024-10-12,8,26,1,553.48,5,525.81,Representante
4062,2024-03-30,7,45,5,335.59,0,1677.97,Loja Física
4063,2022-12-21,5,40,5,370.62,0,1853.12,Representante
4064,2023-07-30,3,50,2,657.03,5,1248.36,Online
4065,2023-10-01,1,44,7,4144.09,0,29008.62,Online
4066,2024-09-26,10,6,2,81.4,5,154.65,Loja Física
4067,2024-05-17,9,3,6,45.93,10,248.04,Representante
4068,2023-07-11,5,46,2,334.64,0,669.27,Representante
4069,2022-08-09,7,48,4,343.8,10,1237.67,Loja Física
4070,2024-05-29,10,6,4,91.05,0,364.19,Representante
4071,2023-12-24,7,4,3,390.73,0,1172.19,Representante
4072,2022-05-12,4,43,4,1155.01,5,4389.03,Online
4073,2022-03-11,1,6,3,4899.01,10,13227.33,Loja Física
4074,2024-04-19,6,47,1,444.27,0,444.27,Representante
4075,2024-12-22,7,14,6,388.13,0,2328.8,Loja Física
4076,2022-03-03,10,11,1,90.07,0,90.07,Online
4077,2023-10-23,2,8,5,304.04,5,1444.17,Online
4078,2024-01-03,10,42,1,92.19,0,92.19,Online
4079,2023-03-17,2,28,1,286.35,15,243.4,Loja Física
4080,2024-02-01,9,2,1,40.15,0,40.15,Loja Física
4081,2022-09-08,8,39,2,455.88,0,911.76,Loja Física
4082,2022-01-23,7,37,1,403.29,15,342.8,Loja Física
4083,2023-03-14,1,45,4,4133.1,5,15705.79,Representante
4084,2023-10-21,4,16,2,1158.89,0,2317.78,Representante
4085,2022-05-16,5,31,2,341.85,5,649.52,Loja Física
4086,2023-03-11,5,7,4,301.22,10,1084.39,Online
4087,2022-07-30,6,29,3,440.04,10,1188.1,Loja Física
4088,2022-06-03,2,21,1,298.9,10,269.01,Representante
4089,2024-05-13,1,37,7,4877.73,15,29022.51,Loja Física
4090,2023-10-13,6,41,3,455.83,0,1367.49,Online
4091,2023-02-08,7,47,1,404.47,0,404.47,Loja Física
4092,2024-10-18,4,13,3,1032.85,0,3098.55,Loja Física
4093,2024-05-12,3,13,9,606.09,0,5454.85,Online
4094,2024-07-16,2,46,5,292.79,0,1463.94,Representante
4095,2023-11-01,4,38,11,1183.8,10,11719.6,Loja Física
4096,2023-04-30,8,27,3,557.06,10,1504.06,Online
4097,2023-08-07,2,2,3,238.57,0,715.71,Representante
4098,2022-01-10,6,17,1,444.38,5,422.16,Loja Física
4099,2022-09-26,8,38,1,567.36,5,538.99,Online
4100,2024-12-28,3,10,8,674.23,10,4854.44,Online
4101,2023-11-22,6,17,8,370.66,15,2520.51,Online
4102,2022-05-23,9,3,1,39.48,5,37.51,Online
4103,2024-04-30,8,19,5,561.23,15,2385.21,Loja Física
4104,2023-07-17,10,22,2,87.54,0,175.07,Loja Física
4105,2024-03-30,1,43,6,4458.99,0,26753.92,Representante
4106,2023-10-04,1,11,3,4389.47,5,12509.99,Representante
4107,2022-04-07,6,40,1,369.22,5,350.76,Loja Física
4108,2024-07-19,5,4,5,318.39,5,1512.36,Representante
4109,2022-09-06,7,22,4,407.4,0,1629.59,Representante
4110,2022-07-30,4,47,7,1154.88,0,8084.15,Online
4111,2022-04-08,7,7,3,416.7,0,1250.11,Online
4112,2022-08-04,6,35,2,455.96,0,911.92,Representante
4113,2024-06-11,9,4,3,46.91,0,140.73,Online
4114,2022-06-30,8,8,1,472.05,0,472.05,Representante
4115,2024-01-26,8,47,2,546.82,10,984.28,Online
4116,2022-04-18,6,38,5,372.44,0,1862.2,Online
4117,2022-08-15,10,47,1,82.95,0,82.95,Loja Física
4118,2022-06-03,7,6,2,388.05,0,776.11,Loja Física
4119,2024-02-17,9,39,1,39.8,0,39.8,Representante
4120,2022-12-15,5,26,4,336.69,0,1346.74,Representante
4121,2024-08-01,6,37,3,358.62,0,1075.86,Online
4122,2023-10-16,6,3,3,455.65,0,1366.96,Representante
4123,2024-04-26,10,14,5,79.4,15,337.47,Loja Física
4124,2022-09-08,2,1,5,301.86,10,1358.36,Representante
4125,2023-05-08,8,15,3,563.39,10,1521.16,Loja Física
4126,2024-09-30,6,23,6,394.69,0,2368.12,Loja Física
4127,2024-09-15,4,47,6,1240.68,0,7444.11,Online
4128,2023-06-25,5,17,4,317.27,0,1269.08,Representante
4129,2022-06-19,10,41,4,78.07,0,312.27,Representante
4130,2023-05-12,3,29,2,588.7,15,1000.79,Representante
4131,2023-02-26,4,5,1,1124.62,15,955.92,Online
4132,2022-06-03,1,2,5,3972.58,5,18869.76,Online
4133,2023-03-12,4,24,2,1030.41,0,2060.83,Representante
4134,2023-03-19,4,29,1,1198.15,5,1138.24,Loja Física
4135,2023-01-20,5,29,5,314.19,5,1492.41,Online
4136,2023-11-29,7,42,2,329.94,0,659.88,Representante
4137,2024-12-16,6,30,8,398.16,10,2866.78,Loja Física
4138,2023-10-01,5,13,4,314.21,15,1068.32,Loja Física
4139,2022-11-12,10,7,5,92.54,10,416.44,Online
4140,2022-09-24,1,28,1,4329.09,0,4329.09,Loja Física
4141,2024-02-29,2,45,2,286.47,5,544.29,Representante
4142,2024-11-17,4,48,6,1076.37,0,6458.24,Loja Física
4143,2023-01-20,4,31,3,1072.74,0,3218.21,Loja Física
4144,2024-05-16,9,3,2,46.0,0,91.99,Representante
4145,2023-09-22,5,22,4,323.06,10,1163.01,Representante
4146,2022-07-29,3,4,3,625.55,0,1876.64,Loja Física
4147,2022-08-08,4,36,2,1204.88,15,2048.3,Online
4148,2023-05-08,7,38,3,380.93,0,1142.78,Loja Física
4149,2023-01-19,6,38,4,372.46,0,1489.85,Online
4150,2024-09-02,9,29,2,46.29,15,78.69,Representante
4151,2024-07-16,9,36,2,48.89,0,97.78,Loja Física
4152,2022-08-31,2,5,5,282.47,10,1271.13,Online
4153,2023-12-27,2,5,6,282.79,5,1611.91,Online
4154,2022-11-05,8,35,4,549.32,5,2087.43,Representante
4155,2024-06-01,9,39,6,48.9,10,264.05,Loja Física
4156,2022-04-19,2,38,2,252.87,5,480.46,Loja Física
4157,2024-01-28,4,42,4,1057.64,0,4230.57,Online
4158,2024-02-23,10,36,2,77.88,15,132.4,Loja Física
4159,2023-02-02,3,37,4,657.49,0,2629.97,Online
4160,2024-04-04,10,45,1,97.65,0,97.65,Representante
4161,2023-07-20,8,26,5,527.3,10,2372.85,Representante
4162,2024-10-07,9,29,3,47.58,10,128.47,Loja Física
4163,2022-08-12,7,38,4,329.25,15,1119.45,Online
4164,2023-05-25,6,46,1,453.14,0,453.14,Online
4165,2022-08-24,8,27,5,552.29,0,2761.44,Online
4166,2023-06-30,6,26,9,378.36,0,3405.2,Online
4167,2024-12-25,2,18,10,245.37,0,2453.74,Loja Física
4168,2023-04-09,6,30,5,441.64,10,1987.37,Representante
4169,2024-04-08,8,45,7,460.88,5,3064.87,Loja Física
4170,2022-07-27,10,7,4,76.66,0,306.63,Representante
4171,2023-07-04,10,5,5,82.9,5,393.76,Online
4172,2022-12-17,8,2,7,518.7,0,3630.88,Loja Física
4173,2023-08-13,7,36,5,396.05,15,1683.19,Representante
4174,2023-08-13,8,6,4,514.78,15,1750.26,Online
4175,2022-07-13,6,10,2,434.88,0,869.76,Representante
4176,2024-09-03,3,33,3,706.93,15,1802.67,Loja Física
4177,2023-05-04,9,27,2,39.91,0,79.81,Loja Física
4178,2022-05-23,10,36,2,76.87,0,153.75,Online
4179,2023-11-12,10,43,3,98.21,5,279.9,Online
4180,2022-01-27,10,35,5,92.93,15,394.94,Loja Física
4181,2024-05-26,3,14,1,603.71,0,603.71,Online
4182,2022-12-30,4,44,5,1036.98,0,5184.9,Online
4183,2022-12-16,9,35,4,46.87,15,159.34,Online
4184,2023-12-23,2,15,6,262.53,5,1496.41,Representante
4185,2022-01-03,5,49,1,342.73,5,325.6,Online
4186,2024-08-25,1,47,1,4435.86,0,4435.86,Online
4187,2022-02-05,4,18,2,1255.6,10,2260.08,Representante
4188,2023-08-19,4,7,4,1148.67,0,4594.68,Representante
4189,2024-10-27,4,3,2,1023.32,0,2046.65,Online
4190,2022-07-12,9,2,4,47.19,0,188.77,Loja Física
4191,2023-11-19,8,31,6,553.89,5,3157.17,Loja Física
4192,2023-12-20,7,13,5,343.49,10,1545.7,Loja Física
4193,2024-09-23,5,44,4,323.99,0,1295.95,Loja Física
4194,2024-07-28,3,22,2,702.27,0,1404.55,Loja Física
4195,2023-09-09,5,24,4,359.73,15,1223.09,Loja Física
4196,2024-11-26,2,48,5,269.72,15,1146.32,Representante
4197,2024-09-18,8,28,1,555.61,0,555.61,Loja Física
4198,2024-11-29,1,6,12,4323.24,15,44097.08,Representante
4199,2022-02-12,2,17,4,278.83,0,1115.32,Loja Física
4200,2023-03-28,1,4,6,3983.64,15,20316.57,Online
4201,2024-01-02,1,34,1,4121.41,5,3915.34,Online
4202,2023-05-16,6,25,2,450.97,10,811.75,Representante
4203,2024-06-01,6,13,9,363.32,0,3269.85,Online
4204,2022-07-02,4,22,8,1084.11,0,8672.85,Loja Física
4205,2022-08-10,5,12,1,343.1,0,343.1,Representante
4206,2024-07-09,9,34,5,43.31,10,194.92,Online
4207,2023-06-28,1,37,3,4930.99,15,12574.02,Loja Física
4208,2023-11-10,5,38,6,358.29,5,2042.27,Representante
4209,2024-05-04,4,25,3,1212.85,0,3638.54,Loja Física
4210,2023-01-26,10,38,3,92.97,0,278.91,Representante
4211,2024-12-01,6,49,6,444.96,15,2269.32,Loja Física
4212,2022-09-09,6,6,3,358.39,5,1021.4,Loja Física
4213,2023-12-12,1,26,8,4500.91,0,36007.28,Online
4214,2022-01-18,10,47,4,94.26,5,358.18,Representante
4215,2022-10-29,4,2,4,1144.14,5,4347.71,Representante
4216,2022-11-04,2,22,5,247.4,10,1113.29,Loja Física
4217,2022-11-30,8,46,6,454.72,0,2728.34,Loja Física
4218,2023-08-14,2,19,1,283.85,0,283.85,Loja Física
4219,2022-02-01,10,9,2,98.91,5,187.92,Online
4220,2023-03-22,2,26,1,263.06,0,263.06,Representante
4221,2022-09-10,3,15,4,574.9,0,2299.61,Loja Física
4222,2023-09-19,7,25,3,394.79,0,1184.36,Loja Física
4223,2023-12-23,4,40,5,1314.09,15,5584.88,Online
4224,2022-04-13,2,27,3,243.25,0,729.76,Online
4225,2023-12-19,7,19,12,388.74,0,4664.85,Representante
4226,2022-11-14,4,21,1,1133.36,0,1133.36,Representante
4227,2023-07-09,1,16,5,4864.18,0,24320.92,Representante
4228,2023-02-07,6,8,1,420.6,5,399.57,Representante
4229,2022-06-15,10,10,5,78.87,0,394.37,Online
4230,2022-03-07,5,47,3,383.36,5,1092.57,Loja Física
4231,2023-05-25,5,40,2,382.92,15,650.97,Representante
4232,2024-03-02,1,44,3,3981.87,5,11348.33,Loja Física
4233,2022-07-20,4,29,4,1062.08,0,4248.33,Loja Física
4234,2023-09-29,6,29,6,377.59,0,2265.52,Representante
4235,2024-06-11,5,23,7,358.99,15,2136.0,Loja Física
4236,2022-10-13,4,9,4,1082.64,15,3680.97,Online
4237,2023-05-28,7,43,3,345.75,0,1037.24,Loja Física
4238,2023-02-13,9,39,5,38.38,0,191.92,Loja Física
4239,2022-06-25,8,6,4,517.76,0,2071.04,Representante
4240,2024-08-02,9,17,3,43.0,10,116.11,Online
4241,2024-02-09,1,42,1,4065.55,5,3862.28,Online
4242,2022-10-11,6,3,2,440.76,10,793.37,Loja Física
4243,2023-10-04,2,17,2,303.05,10,545.49,Representante
4244,2024-01-03,7,36,5,353.96,5,1681.3,Loja Física
4245,2024-05-25,10,44,4,88.08,5,334.69,Loja Física
4246,2024-04-20,2,5,8,266.99,5,2029.09,Online
4247,2022-02-24,7,1,2,379.19,5,720.45,Online
4248,2022-10-15,1,11,5,4367.75,10,19654.89,Loja Física
4249,2023-05-12,10,26,1,91.86,10,82.67,Representante
4250,2024-02-04,9,43,3,45.58,0,136.74,Representante
4251,2023-08-24,7,14,5,402.75,0,2013.73,Loja Física
4252,2022-09-15,9,3,6,48.4,5,275.85,Representante
4253,2022-01-13,10,37,3,90.32,5,257.4,Representante
4254,2024-07-31,8,18,2,558.4,0,1116.79,Online
4255,2022-04-23,6,9,3,368.99,0,1106.97,Representante
4256,2022-08-08,7,36,1,415.94,0,415.94,Representante
4257,2022-07-19,2,19,6,270.32,0,1621.94,Representante
4258,2024-09-13,5,28,6,303.27,15,1546.7,Loja Física
4259,2022-05-05,3,25,3,600.85,0,1802.55,Representante
4260,2024-11-12,2,26,9,304.1,15,2326.39,Representante
4261,2022-04-19,5,18,7,346.37,15,2060.88,Online
4262,2024-11-23,1,25,5,4337.0,0,21685.01,Representante
4263,2024-10-11,9,43,5,40.44,0,202.21,Online
4264,2022-11-13,1,22,7,4519.01,0,31633.07,Representante
4265,2023-09-29,10,2,4,98.91,15,336.29,Online
4266,2024-09-20,2,7,2,245.84,10,442.52,Representante
4267,2023-02-16,8,4,2,550.2,0,1100.4,Online
4268,2022-01-01,5,20,3,363.35,0,1090.04,Representante
4269,2022-09-05,4,48,4,1182.53,10,4257.1,Online
4270,2023-05-22,9,50,2,40.15,0,80.3,Online
4271,2024-08-28,1,35,7,4789.78,0,33528.48,Representante
4272,2024-06-27,7,45,5,324.3,5,1540.43,Online
4273,2022-09-07,8,29,3,550.24,0,1650.73,Loja Física
4274,2024-09-17,3,10,2,556.29,0,1112.59,Online
4275,2023-06-18,10,31,7,93.07,10,586.32,Representante
4276,2024-06-18,1,6,1,4369.7,15,3714.25,Representante
4277,2022-09-10,9,49,1,48.51,5,46.08,Online
4278,2022-02-14,8,50,1,491.16,0,491.16,Online
4279,2023-05-08,8,19,5,468.51,0,2342.53,Representante
4280,2023-02-15,7,20,1,409.73,5,389.25,Loja Física
4281,2023-08-17,7,29,3,346.04,0,1038.13,Representante
4282,2022-07-24,4,31,7,1247.18,10,7857.22,Loja Física
4283,2024-01-23,1,48,4,4423.28,15,15039.14,Loja Física
4284,2024-03-12,5,25,5,376.67,5,1789.19,Representante
4285,2022-08-08,8,20,1,549.21,5,521.75,Loja Física
4286,2024-05-20,10,44,3,97.01,0,291.02,Online
4287,2023-08-04,8,7,8,536.75,5,4079.26,Online
4288,2024-03-08,2,33,2,259.96,0,519.93,Representante
4289,2023-09-13,7,33,3,355.2,0,1065.6,Representante
4290,2024-06-29,6,38,2,411.47,0,822.93,Loja Física
4291,2022-10-13,10,26,1,81.76,5,77.68,Representante
4292,2024-07-27,5,39,5,352.52,0,1762.61,Online
4293,2022-11-21,7,29,4,391.22,0,1564.88,Representante
4294,2024-10-27,3,8,5,639.65,0,3198.27,Loja Física
4295,2024-12-11,5,47,4,311.57,5,1183.97,Representante
4296,2022-05-09,5,5,1,342.94,0,342.94,Representante
4297,2022-11-07,6,43,8,365.9,0,2927.17,Representante
4298,2023-11-26,10,44,7,85.44,5,568.16,Representante
4299,2022-10-14,3,12,7,583.43,0,4084.01,Representante
4300,2023-09-13,9,20,6,40.98,5,233.59,Online
4301,2024-09-17,4,50,4,1201.69,5,4566.41,Loja Física
4302,2023-01-05,10,30,3,83.44,10,225.29,Representante
4303,2024-11-04,2,38,7,253.14,15,1506.17,Representante
4304,2023-06-15,5,36,7,343.6,0,2405.18,Representante
4305,2023-10-26,8,13,6,463.53,10,2503.06,Representante
4306,2023-12-14,7,41,7,358.8,10,2260.45,Representante
4307,2024-04-06,2,47,2,261.67,0,523.35,Online
4308,2022-03-02,1,27,4,4350.18,15,14790.61,Online
4309,2023-04-20,5,1,4,365.81,0,1463.24,Representante
4310,2022-08-06,6,34,2,455.9,5,866.21,Representante
4311,2024-09-02,8,44,5,541.32,0,2706.59,Online
4312,2023-04-30,2,14,3,303.17,0,909.51,Online
4313,2024-02-26,9,24,4,43.18,5,164.08,Online
4314,2022-05-07,6,34,2,378.17,10,680.7,Loja Física
4315,2022-08-23,3,26,4,569.07,0,2276.27,Representante
4316,2022-05-30,1,18,4,4302.84,5,16350.78,Loja Física
4317,2022-03-02,7,17,1,361.99,0,361.99,Loja Física
4318,2022-08-09,8,27,3,491.52,15,1253.38,Loja Física
4319,2024-02-13,10,16,2,87.75,0,175.49,Representante
4320,2023-02-14,6,10,1,456.51,0,456.51,Loja Física
4321,2024-10-02,5,27,3,323.56,5,922.15,Representante
4322,2023-08-09,5,40,5,373.41,0,1867.03,Online
4323,2022-11-28,1,30,3,4582.87,5,13061.18,Representante
4324,2023-01-29,7,14,3,333.97,0,1001.92,Representante
4325,2022-02-19,3,44,1,624.23,15,530.6,Representante
4326,2022-07-17,8,39,5,475.44,0,2377.22,Online
4327,2022-10-15,3,32,3,610.97,0,1832.91,Loja Física
4328,2024-04-15,8,21,5,467.53,10,2103.88,Representante
4329,2022-05-28,8,43,3,485.97,0,1457.9,Online
4330,2024-12-17,7,34,13,330.6,5,4082.95,Online
4331,2023-03-01,3,47,6,556.39,10,3004.5,Loja Física
4332,2024-10-22,1,28,3,4417.94,0,13253.83,Loja Física
4333,2022-10-10,2,12,5,289.88,0,1449.42,Loja Física
4334,2024-05-25,7,8,6,399.19,15,2035.85,Loja Física
4335,2022-05-26,5,30,4,328.59,10,1182.92,Online
4336,2022-09-18,7,44,2,328.92,10,592.05,Loja Física
4337,2022-07-26,1,24,5,3990.33,0,19951.67,Loja Física
4338,2023-04-18,2,42,3,306.46,0,919.38,Representante
4339,2023-11-09,5,41,9,363.96,0,3275.6,Online
4340,2023-08-17,10,16,1,93.09,0,93.09,Loja Física
4341,2024-01-03,3,39,3,695.02,0,2085.05,Online
4342,2023-08-13,9,32,2,43.76,0,87.53,Representante
4343,2023-05-10,4,12,2,1167.7,10,2101.87,Representante
4344,2024-10-21,9,1,4,38.92,0,155.7,Loja Física
4345,2022-04-27,3,26,5,610.8,10,2748.59,Representante
4346,2022-08-16,8,3,3,442.64,10,1195.13,Loja Física
4347,2023-06-23,8,49,5,467.76,15,1987.97,Online
4348,2022-03-08,2,30,2,298.5,0,597.0,Loja Física
4349,2023-06-19,2,42,8,245.23,0,1961.8,Loja Física
4350,2022-05-02,4,3,3,1080.7,0,3242.09,Online
4351,2023-11-07,4,10,6,1141.18,15,5820.01,Online
4352,2023-04-28,7,18,2,336.85,5,640.01,Online
4353,2022-03-14,6,45,3,428.88,0,1286.64,Online
4354,2024-05-02,2,21,4,302.88,10,1090.37,Representante
4355,2022-06-15,9,16,6,42.22,10,228.0,Loja Física
4356,2022-09-23,2,22,5,250.14,0,1250.7,Representante
4357,2022-03-27,8,37,3,527.75,0,1583.25,Online
4358,2024-10-14,10,25,3,77.84,10,210.17,Online
4359,2023-12-19,8,38,5,560.43,5,2662.04,Loja Física
4360,2023-09-14,4,26,5,1295.26,0,6476.32,Online
4361,2022-04-24,9,10,2,44.73,0,89.45,Online
4362,2024-12-30,10,15,8,86.95,10,626.07,Loja Física
4363,2022-02-07,8,6,2,531.11,10,955.99,Loja Física
4364,2022-04-17,3,10,3,627.12,5,1787.28,Loja Física
4365,2022-09-14,5,44,5,334.59,5,1589.3,Representante
4366,2024-05-24,3,21,3,594.78,10,1605.91,Online
4367,2022-08-25,4,44,3,1148.83,5,3274.17,Online
4368,2024-01-24,10,36,1,81.91,0,81.91,Online
4369,2023-12-04,10,19,6,84.39,5,481.03,Online
4370,2023-05-03,2,1,1,265.07,0,265.07,Online
4371,2022-01-21,9,24,1,48.31,0,48.31,Loja Física
4372,2022-04-04,1,38,4,4415.32,0,17661.28,Representante
4373,2023-05-27,3,21,4,667.26,0,2669.02,Online
4374,2022-04-27,5,39,1,326.84,0,326.84,Loja Física
4375,2023-01-05,6,11,2,372.97,0,745.94,Online
4376,2023-10-06,4,28,5,1169.48,0,5847.41,Representante
4377,2023-05-16,9,45,6,42.49,0,254.93,Online
4378,2024-03-25,6,5,3,366.4,5,1044.24,Representante
4379,2022-09-08,9,37,3,39.61,15,101.0,Online
4380,2022-06-06,4,40,2,1240.94,0,2481.87,Representante
4381,2023-02-26,3,11,5,667.76,5,3171.84,Representante
4382,2024-01-02,3,36,3,659.29,0,1977.86,Loja Física
4383,2023-09-12,2,39,5,242.92,0,1214.61,Representante
4384,2023-08-23,3,37,1,588.27,15,500.03,Online
4385,2024-12-14,8,42,15,539.15,0,8087.29,Loja Física
4386,2024-10-28,4,14,3,1091.36,0,3274.08,Online
4387,2023-12-11,2,46,3,241.22,5,687.47,Representante
4388,2024-09-22,4,36,3,1272.92,0,3818.77,Online
4389,2023-02-21,10,22,1,89.2,0,89.2,Representante
4390,2023-04-18,8,48,7,553.67,0,3875.7,Representante
4391,2023-03-08,6,16,3,436.04,0,1308.11,Loja Física
4392,2022-10-18,7,35,2,346.69,0,693.39,Online
4393,2024-06-20,5,44,4,338.03,15,1149.32,Loja Física
4394,2022-08-22,1,17,1,4680.82,0,4680.82,Loja Física
4395,2022-03-11,1,34,2,3952.1,0,7904.19,Loja Física
4396,2024-02-26,7,25,5,352.09,0,1760.44,Online
4397,2022-05-03,9,36,3,44.9,0,134.71,Representante
4398,2024-02-26,5,34,3,334.72,5,953.96,Online
4399,2024-02-23,3,35,2,584.87,5,1111.25,Loja Física
4400,2022-04-01,8,39,4,526.46,0,2105.85,Online
4401,2024-02-16,9,32,4,42.33,0,169.33,Representante
4402,2024-06-01,6,25,4,456.33,10,1642.8,Online
4403,2023-09-17,9,18,4,43.43,0,173.71,Representante
4404,2023-12-14,6,23,4,460.09,0,1840.36,Representante
4405,2023-11-20,6,34,2,379.53,0,759.06,Representante
4406,2023-03-20,6,8,1,398.09,0,398.09,Loja Física
4407,2024-06-07,7,31,5,339.61,5,1613.15,Representante
4408,2022-04-27,1,42,1,4337.72,0,4337.72,Representante
4409,2024-03-05,3,48,5,665.06,15,2826.51,Representante
4410,2023-08-12,8,17,3,519.19,10,1401.82,Loja Física
4411,2024-05-18,3,3,6,684.92,10,3698.59,Representante
4412,2024-11-28,8,3,5,450.43,0,2252.14,Online
4413,2024-02-20,9,10,4,43.52,5,165.39,Representante
4414,2023-05-03,5,23,3,364.08,0,1092.25,Online
4415,2023-07-29,1,28,1,3992.28,15,3393.44,Loja Física
4416,2022-06-25,3,45,3,682.9,0,2048.7,Representante
4417,2023-08-29,10,45,4,91.65,0,366.58,Representante
4418,2024-03-19,3,40,2,705.99,0,1411.98,Representante
4419,2023-07-16,6,14,3,360.62,0,1081.87,Loja Física
4420,2023-05-29,3,12,1,678.45,15,576.68,Representante
4421,2022-01-26,1,3,2,4443.45,0,8886.91,Loja Física
4422,2023-10-20,4,10,2,1245.01,0,2490.01,Online
4423,2024-06-27,7,19,4,342.27,5,1300.64,Online
4424,2024-06-19,4,29,2,1144.58,0,2289.17,Loja Física
4425,2022-03-17,9,37,3,45.32,0,135.96,Loja Física
4426,2023-03-23,2,46,7,260.99,5,1735.58,Online
4427,2022-06-12,10,48,3,81.78,0,245.34,Representante
4428,2023-10-06,10,25,4,96.78,0,387.11,Loja Física
4429,2023-01-04,1,18,1,3836.17,0,3836.17,Loja Física
4430,2023-06-16,1,11,5,4593.22,5,21817.81,Online
4431,2023-04-11,6,38,6,437.48,15,2231.15,Online
4432,2022-10-28,1,5,3,3864.51,10,10434.19,Representante
4433,2022-04-12,5,44,1,346.65,0,346.65,Online
4434,2022-03-20,6,6,3,423.95,0,1271.85,Representante
4435,2024-11-03,6,19,6,371.25,5,2116.13,Representante
4436,2023-10-12,9,44,4,40.59,0,162.38,Representante
4437,2023-04-12,10,29,4,91.43,0,365.7,Representante
4438,2023-06-15,7,37,1,409.08,0,409.08,Online
4439,2023-12-25,3,25,4,680.71,10,2450.56,Representante
4440,2022-04-02,3,38,2,653.38,10,1176.09,Online
4441,2023-12-18,9,17,8,41.87,0,334.93,Online
4442,2024-11-04,4,16,6,1155.12,5,6584.2,Online
4443,2024-11-12,3,35,9,641.02,0,5769.14,Online
4444,2023-02-22,1,46,6,4383.37,0,26300.2,Representante
4445,2024-01-31,8,5,2,452.15,15,768.66,Loja Física
4446,2022-05-27,6,19,1,368.52,15,313.24,Loja Física
4447,2023-08-03,6,33,3,394.62,0,1183.87,Online
4448,2023-10-31,10,1,2,90.04,10,162.08,Loja Física
4449,2023-11-18,7,22,6,389.82,5,2221.96,Representante
4450,2024-02-07,1,28,3,4496.95,5,12816.32,Loja Física
4451,2022-03-05,6,29,5,409.05,0,2045.27,Loja Física
4452,2022-04-02,10,18,2,88.79,0,177.59,Online
4453,2022-02-22,2,25,2,251.13,0,502.26,Representante
4454,2023-03-10,8,22,1,515.71,0,515.71,Representante
4455,2024-11-06,10,32,2,88.91,10,160.03,Representante
4456,2023-12-06,4,35,4,1317.5,0,5269.98,Loja Física
4457,2022-03-08,8,24,2,546.8,15,929.57,Representante
4458,2022-11-04,2,14,10,280.6,5,2665.65,Representante
4459,2022-06-10,8,17,3,485.3,0,1455.9,Online
4460,2024-10-28,7,38,2,379.73,10,683.51,Representante
4461,2024-05-06,3,36,1,581.17,10,523.06,Representante
4462,2022-09-06,4,42,3,1223.73,10,3304.08,Online
4463,2024-08-25,5,23,1,374.65,15,318.45,Representante
4464,2024-12-01,4,36,5,1031.43,5,4899.29,Loja Física
4465,2023-07-06,8,43,5,511.63,0,2558.15,Representante
4466,2023-08-24,9,27,6,48.72,0,292.31,Loja Física
4467,2023-05-13,3,40,1,677.36,0,677.36,Online
4468,2024-07-22,5,39,5,304.31,0,1521.55,Representante
4469,2022-08-25,8,39,7,520.19,15,3095.16,Online
4470,2024-06-30,3,10,7,703.33,15,4184.84,Loja Física
4471,2024-01-12,4,30,1,1220.86,0,1220.86,Loja Física
4472,2024-11-01,8,24,5,456.55,0,2282.77,Loja Física
4473,2024-09-18,8,1,2,508.52,10,915.34,Online
4474,2024-07-08,7,14,4,349.03,5,1326.3,Online
4475,2022-09-14,6,12,5,419.6,10,1888.19,Online
4476,2024-04-14,3,10,3,579.84,15,1478.59,Representante
4477,2022-10-10,7,26,1,334.98,10,301.48,Loja Física
4478,2023-08-11,7,41,1,326.02,0,326.02,Loja Física
4479,2022-08-30,4,45,5,1154.81,0,5774.07,Loja Física
4480,2024-05-12,7,43,3,374.32,10,1010.66,Online
4481,2024-10-09,1,17,6,4921.74,15,25100.86,Online
4482,2023-01-04,8,3,2,462.81,5,879.33,Online
4483,2022-12-08,10,18,6,98.4,0,590.39,Loja Física
4484,2023-06-24,10,17,7,79.58,10,501.35,Representante
4485,2024-08-20,4,10,5,1051.46,15,4468.71,Online
4486,2022-09-16,10,45,1,80.34,0,80.34,Loja Física
4487,2022-02-19,2,27,4,285.43,15,970.45,Online
4488,2022-05-30,1,23,6,3868.53,0,23211.16,Representante
4489,2024-12-20,2,3,6,280.74,5,1600.21,Loja Física
4490,2023-12-27,10,12,8,77.08,0,616.64,Loja Física
4491,2023-05-10,9,8,5,42.18,15,179.28,Loja Física
4492,2022-09-01,6,22,1,367.82,0,367.82,Loja Física
4493,2022-08-09,2,6,5,241.64,15,1026.99,Online
4494,2022-06-01,1,50,1,4663.46,15,3963.94,Loja Física
4495,2024-07-08,6,9,4,415.16,5,1577.59,Representante
4496,2024-07-10,2,15,4,260.29,15,884.98,Loja Física
4497,2023-08-16,5,16,1,374.04,5,355.34,Representante
4498,2022-10-03,6,4,3,439.7,15,1121.23,Online
4499,2024-11-09,6,36,10,395.15,0,3951.47,Online
4500,2022-01-16,10,45,2,98.83,10,177.89,Representante
4501,2024-01-28,10,8,4,90.38,15,307.3,Representante
4502,2024-07-17,3,41,9,576.12,5,4925.82,Loja Física
4503,2024-06-17,9,22,4,48.96,0,195.85,Representante
4504,2023-07-27,7,21,7,370.7,0,2594.89,Online
4505,2023-09-01,9,48,3,46.85,5,133.52,Loja Física
4506,2022-04-09,8,14,4,483.4,10,1740.23,Representante
4507,2024-12-11,8,49,8,459.0,10,3304.78,Representante
4508,2024-05-23,2,46,1,288.14,0,288.14,Loja Física
4509,2024-02-26,4,32,8,1047.14,0,8377.09,Online
4510,2022-10-21,2,42,4,285.23,0,1140.9,Representante
4511,2023-03-08,10,27,9,84.61,5,723.46,Representante
4512,2023-07-24,5,4,9,334.75,10,2711.48,Representante
4513,2023-10-06,1,13,1,4676.85,0,4676.85,Loja Física
4514,2023-08-07,4,22,1,1086.69,0,1086.69,Online
4515,2023-08-13,2,38,4,262.71,0,1050.84,Loja Física
4516,2024-06-17,7,7,4,341.72,0,1366.86,Online
4517,2023-08-14,8,47,2,466.07,0,932.13,Representante
4518,2022-08-06,9,42,2,38.33,0,76.66,Representante
4519,2023-07-25,3,10,3,587.79,0,1763.38,Online
4520,2023-02-28,2,36,1,265.59,10,239.03,Representante
4521,2022-12-12,8,50,4,561.01,0,2244.05,Representante
4522,2022-03-23,10,10,2,79.93,10,143.87,Representante
4523,2023-02-04,2,7,5,304.9,0,1524.5,Loja Física
4524,2022-02-22,10,25,1,83.74,0,83.74,Online
4525,2023-08-01,7,30,2,414.53,10,746.15,Loja Física
4526,2024-06-30,10,4,6,88.03,10,475.37,Online
4527,2024-07-18,1,30,3,4351.05,0,13053.14,Online
4528,2022-09-03,2,24,5,302.32,5,1436.01,Loja Física
4529,2024-10-07,8,31,5,562.34,0,2811.71,Online
4530,2022-10-08,5,6,4,332.26,0,1329.03,Representante
4531,2022-08-27,9,18,7,45.2,0,316.37,Online
4532,2023-04-01,6,12,4,424.87,15,1444.55,Online
4533,2023-11-01,6,8,10,460.1,0,4600.99,Representante
4534,2023-11-18,8,33,5,532.2,0,2661.02,Loja Física
4535,2024-11-16,7,20,7,413.08,15,2457.81,Online
4536,2023-10-07,4,20,3,1159.56,0,3478.68,Loja Física
4537,2022-07-25,3,36,3,569.13,15,1451.29,Representante
4538,2023-10-13,9,40,4,39.1,0,156.4,Representante
4539,2022-03-14,8,34,2,531.18,15,903.0,Representante
4540,2022-01-17,4,36,4,1083.31,0,4333.23,Online
4541,2024-02-10,5,27,1,299.62,0,299.62,Representante
4542,2023-02-05,3,43,3,558.54,0,1675.61,Loja Física
4543,2022-11-07,2,12,3,239.72,5,683.2,Online
4544,2024-10-14,5,14,4,349.17,0,1396.68,Online
4545,2023-02-11,7,42,2,368.86,15,627.06,Online
4546,2024-11-23,5,33,9,384.88,15,2944.3,Representante
4547,2023-03-15,1,27,2,4082.6,0,8165.21,Loja Física
4548,2022-05-18,2,14,4,273.82,5,1040.51,Representante
4549,2023-03-04,2,18,2,281.38,15,478.35,Online
4550,2022-03-21,5,38,3,359.69,5,1025.11,Representante
4551,2023-06-23,10,21,4,82.62,10,297.44,Loja Física
4552,2023-04-26,10,1,3,82.6,15,210.62,Loja Física
4553,2024-09-18,6,8,3,421.72,10,1138.64,Representante
4554,2023-01-04,10,11,1,79.52,0,79.52,Online
4555,2023-08-22,9,24,6,42.56,15,217.03,Loja Física
4556,2024-09-30,10,7,7,95.01,15,565.31,Loja Física
4557,2024-01-02,8,30,6,510.14,10,2754.73,Loja Física
4558,2023-08-29,7,29,1,371.32,0,371.32,Online
4559,2022-08-19,7,36,3,382.57,0,1147.72,Loja Física
4560,2024-07-04,8,5,7,474.1,0,3318.69,Online
4561,2024-05-20,3,29,5,681.43,0,3407.15,Online
4562,2024-08-09,2,7,2,275.49,0,550.98,Representante
4563,2022-08-21,2,11,3,268.56,0,805.69,Representante
4564,2024-03-26,3,35,5,664.64,15,2824.7,Online
4565,2024-09-17,8,27,6,498.53,5,2841.63,Representante
4566,2024-04-23,5,18,5,350.95,15,1491.53,Online
4567,2022-03-01,4,6,1,1207.17,0,1207.17,Loja Física
4568,2024-11-05,7,41,8,358.27,0,2866.15,Loja Física
4569,2022-05-05,10,11,3,88.65,10,239.36,Loja Física
4570,2023-06-20,1,7,3,4453.4,15,11356.18,Loja Física
4571,2024-04-22,4,42,1,1281.46,5,1217.39,Loja Física
4572,2024-05-20,8,36,1,477.26,5,453.4,Loja Física
4573,2022-04-22,8,10,3,449.84,0,1349.51,Loja Física
4574,2023-03-25,5,11,7,314.16,0,2199.1,Representante
4575,2022-04-04,6,18,5,415.33,0,2076.65,Loja Física
4576,2024-04-19,9,44,2,45.08,0,90.16,Representante
4577,2022-12-08,4,47,4,1154.52,10,4156.26,Online
4578,2022-08-14,3,23,7,553.07,10,3484.32,Representante
4579,2023-11-07,10,23,3,93.92,0,281.76,Representante
4580,2022-02-10,9,3,3,47.37,15,120.8,Online
4581,2024-02-16,10,4,4,76.92,0,307.69,Representante
4582,2023-11-14,5,17,8,340.55,0,2724.42,Representante
4583,2022-05-10,1,45,3,4143.93,15,10567.01,Online
4584,2024-11-28,9,13,11,42.06,0,462.71,Loja Física
4585,2023-02-11,5,33,2,355.42,0,710.83,Representante
4586,2024-03-21,5,24,3,333.67,15,850.85,Online
4587,2023-08-18,1,2,7,4362.66,0,30538.62,Loja Física
4588,2023-11-10,8,7,4,451.81,5,1716.89,Online
4589,2023-05-25,6,50,3,412.85,0,1238.55,Online
4590,2022-02-11,5,29,2,348.6,10,627.48,Online
4591,2024-10-24,10,17,3,94.83,5,270.27,Loja Física
4592,2022-03-28,4,5,4,1034.2,0,4136.81,Loja Física
4593,2023-09-10,7,13,1,406.6,0,406.6,Online
4594,2023-05-22,4,24,2,1123.93,0,2247.87,Loja Física
4595,2022-09-11,8,26,2,537.18,5,1020.63,Representante
4596,2024-03-31,1,49,7,4787.26,0,33510.85,Representante
4597,2023-07-07,9,1,2,44.66,0,89.32,Online
4598,2022-06-01,4,32,5,1209.26,10,5441.69,Representante
4599,2024-04-30,7,20,3,341.07,0,1023.22,Online
4600,2022-11-07,3,45,6,615.84,0,3695.07,Representante
4601,2024-03-12,2,32,2,307.95,0,615.91,Representante
4602,2023-10-02,10,47,3,77.89,0,233.68,Loja Física
4603,2024-11-15,1,4,12,4299.88,15,43858.74,Online
4604,2023-09-11,3,5,4,564.28,0,2257.14,Loja Física
4605,2023-02-20,1,27,1,4162.56,0,4162.56,Loja Física
4606,2024-08-23,9,31,4,48.67,5,184.95,Loja Física
4607,2024-05-29,4,48,1,1109.42,0,1109.42,Online
4608,2024-04-12,6,18,6,393.14,10,2122.95,Loja Física
4609,2024-09-16,1,38,2,4016.87,0,8033.74,Representante
4610,2024-12-28,8,34,3,474.13,10,1280.15,Online
4611,2024-02-23,4,11,6,1177.91,0,7067.46,Loja Física
4612,2024-03-17,1,15,4,4150.15,0,16600.6,Representante
4613,2022-08-10,3,21,3,640.12,5,1824.33,Online
4614,2022-02-20,7,23,4,333.35,5,1266.75,Online
4615,2024-07-04,9,6,3,41.26,0,123.79,Loja Física
4616,2022-08-12,3,45,4,636.46,15,2163.97,Loja Física
4617,2023-11-12,4,38,4,1136.96,0,4547.85,Representante
4618,2022-06-21,10,48,5,87.29,0,436.44,Representante
4619,2022-12-13,7,38,4,340.91,0,1363.66,Loja Física
4620,2023-05-27,6,1,2,455.38,0,910.76,Online
4621,2024-04-05,8,9,2,550.88,10,991.58,Loja Física
4622,2024-12-07,4,31,8,1173.78,15,7981.74,Representante
4623,2023-04-22,2,24,7,242.99,0,1700.96,Loja Física
4624,2023-06-01,7,35,2,416.93,5,792.17,Loja Física
4625,2023-11-23,1,41,7,4933.24,0,34532.69,Online
4626,2023-10-21,7,45,5,353.68,15,1503.16,Representante
4627,2024-04-12,8,35,5,459.04,0,2295.19,Loja Física
4628,2023-03-05,6,14,3,417.49,10,1127.22,Loja Física
4629,2024-10-20,1,19,2,3985.32,0,7970.63,Representante
4630,2023-04-28,10,43,1,77.47,0,77.47,Loja Física
4631,2024-09-16,1,12,9,4337.68,10,35135.17,Representante
4632,2022-06-16,5,19,3,373.51,0,1120.54,Loja Física
4633,2022-06-08,7,18,2,415.52,5,789.49,Online
4634,2022-01-28,10,32,2,77.4,0,154.8,Representante
4635,2022-09-06,4,11,4,1194.83,0,4779.3,Online
4636,2024-06-15,4,46,4,1293.64,0,5174.57,Online
4637,2024-05-18,6,5,2,458.17,5,870.53,Online
4638,2024-12-10,6,13,11,395.75,5,4135.55,Online
4639,2024-05-06,2,4,5,284.92,5,1353.39,Online
4640,2023-08-31,5,37,3,373.28,0,1119.84,Loja Física
4641,2023-08-26,5,36,5,312.96,15,1330.1,Representante
4642,2023-07-10,2,28,5,251.69,10,1132.58,Loja Física
4643,2024-02-01,5,3,2,383.28,10,689.91,Representante
4644,2022-12-06,3,4,2,648.73,0,1297.45,Loja Física
4645,2024-12-07,4,2,7,1199.35,15,7136.11,Online
4646,2024-01-31,8,45,3,548.45,10,1480.8,Representante
4647,2023-05-30,6,18,7,436.15,5,2900.42,Loja Física
4648,2023-03-08,1,17,4,4164.51,0,16658.05,Representante
4649,2022-10-05,6,50,4,441.97,0,1767.88,Representante
4650,2024-08-28,1,29,4,3946.08,0,15784.32,Loja Física
4651,2024-05-02,7,31,6,351.44,0,2108.62,Online
4652,2024-08-21,5,32,4,328.73,0,1314.92,Online
4653,2023-10-01,4,10,2,1189.88,15,2022.8,Online
4654,2023-02-13,6,30,1,361.6,15,307.36,Online
4655,2024-07-28,7,16,4,399.61,0,1598.45,Online
4656,2022-05-06,10,15,4,83.55,10,300.77,Loja Física
4657,2022-11-17,2,34,3,254.45,0,763.36,Loja Física
4658,2023-04-08,1,48,3,4314.16,0,12942.48,Representante
4659,2022-01-29,5,22,1,323.36,0,323.36,Loja Física
4660,2023-08-06,3,35,2,632.68,5,1202.08,Representante
4661,2023-09-19,8,46,7,449.49,0,3146.4,Representante
4662,2024-04-05,3,40,3,648.79,0,1946.36,Representante
4663,2023-02-19,4,42,3,1253.41,0,3760.22,Representante
4664,2022-11-09,2,39,6,287.67,0,1726.04,Representante
4665,2023-03-20,2,48,3,265.48,0,796.43,Online
4666,2023-06-23,3,49,6,614.75,10,3319.64,Online
4667,2022-09-17,5,26,5,356.43,10,1603.95,Representante
4668,2024-02-24,10,14,2,86.88,0,173.76,Representante
4669,2023-07-22,4,47,6,1147.24,15,5850.91,Representante
4670,2024-08-27,4,23,7,1312.95,0,9190.62,Online
4671,2022-01-06,4,34,2,1091.7,0,2183.4,Online
4672,2022-07-07,4,1,1,1313.81,10,1182.43,Online
4673,2022-10-21,10,18,3,89.04,0,267.12,Loja Física
4674,2022-01-01,5,42,2,370.1,0,740.2,Online
4675,2022-04-17,8,34,4,468.75,0,1874.99,Representante
4676,2024-06-19,2,49,2,292.54,5,555.83,Representante
4677,2024-08-24,3,22,4,668.08,0,2672.32,Loja Física
4678,2024-10-21,4,46,1,1179.01,0,1179.01,Online
4679,2024-03-16,5,34,2,376.12,5,714.63,Loja Física
4680,2024-08-29,9,43,1,46.65,0,46.65,Loja Física
4681,2024-12-05,7,19,10,411.21,0,4112.05,Representante
4682,2022-06-10,7,35,3,330.64,10,892.74,Online
4683,2022-12-07,1,48,6,4929.84,15,25142.2,Loja Física
4684,2022-10-20,9,14,4,39.83,5,151.37,Representante
4685,2024-06-23,1,45,6,4400.78,5,25084.42,Representante
4686,2023-05-29,1,3,3,4830.93,15,12318.88,Online
4687,2024-06-10,7,7,3,383.53,15,978.0,Loja Física
4688,2022-12-31,9,8,3,41.59,0,124.78,Loja Física
4689,2024-08-12,3,30,3,598.18,15,1525.36,Loja Física
4690,2024-05-18,1,3,3,4051.86,0,12155.57,Representante
4691,2023-01-27,3,28,4,663.32,5,2520.63,Loja Física
4692,2023-01-02,2,43,6,282.08,15,1438.6,Online
4693,2023-02-06,3,24,1,618.96,5,588.01,Loja Física
4694,2024-12-13,10,2,10,78.65,0,786.51,Online
4695,2023-09-28,9,32,4,49.37,0,197.48,Online
4696,2024-01-26,6,45,7,435.74,0,3050.21,Representante
4697,2022-01-27,9,5,3,45.16,10,121.94,Loja Física
4698,2022-03-10,3,3,5,567.79,15,2413.09,Loja Física
4699,2024-09-07,8,48,4,545.35,5,2072.32,Online
4700,2023-06-03,3,5,3,687.59,0,2062.76,Representante
4701,2022-04-28,6,6,5,442.58,10,1991.63,Online
4702,2024-08-22,3,29,3,586.8,10,1584.36,Representante
4703,2024-07-19,10,46,5,98.38,5,467.32,Online
4704,2024-08-27,6,39,4,419.31,15,1425.67,Representante
4705,2022-08-01,6,46,4,361.07,0,1444.29,Loja Física
4706,2022-03-01,2,36,1,272.45,10,245.21,Representante
4707,2022-11-10,9,3,4,46.99,15,159.76,Representante
4708,2022-12-29,6,15,5,396.75,0,1983.77,Online
4709,2024-05-09,7,23,4,337.5,0,1350.02,Online
4710,2024-06-27,6,11,5,403.64,15,1715.49,Representante
4711,2022-05-08,8,21,6,533.61,0,3201.68,Online
4712,2023-07-23,2,18,2,238.08,0,476.17,Representante
4713,2022-02-04,1,10,1,3876.38,0,3876.38,Representante
4714,2023-10-11,9,34,4,41.61,15,141.47,Online
4715,2024-01-21,1,33,4,3931.66,10,14153.96,Online
4716,2024-04-05,1,39,4,4596.23,5,17465.67,Representante
4717,2022-05-06,6,22,4,410.3,0,1641.21,Online
4718,2024-10-24,2,27,4,257.56,0,1030.23,Representante
4719,2023-07-01,6,27,3,404.15,0,1212.44,Online
4720,2024-06-27,1,47,7,4436.57,0,31056.0,Loja Física
4721,2023-02-11,5,2,2,347.77,15,591.2,Representante
4722,2024-04-18,5,18,5,359.98,0,1799.89,Representante
4723,2022-01-07,10,16,2,96.78,0,193.57,Loja Física
4724,2023-12-20,5,17,4,299.73,0,1198.93,Loja Física
4725,2024-08-12,7,9,7,402.28,10,2534.34,Representante
4726,2022-06-26,10,10,2,95.18,10,171.32,Loja Física
4727,2022-06-30,10,49,4,93.93,0,375.74,Online
4728,2023-01-09,6,31,1,386.94,15,328.89,Online
4729,2023-01-16,2,6,7,307.79,0,2154.53,Representante
4730,2022-02-11,8,40,3,447.92,0,1343.75,Online
4731,2023-03-22,10,34,4,91.92,15,312.53,Loja Física
4732,2024-07-31,9,6,4,44.89,0,179.54,Representante
4733,2023-05-21,3,16,5,585.42,0,2927.08,Representante
4734,2023-01-27,8,21,1,480.37,15,408.32,Representante
4735,2022-09-29,9,44,2,45.73,0,91.46,Online
4736,2024-02-16,4,10,3,1156.27,15,2948.48,Loja Física
4737,2022-12-31,8,47,9,468.41,0,4215.69,Online
4738,2023-10-09,2,25,7,263.28,5,1750.79,Online
4739,2023-01-21,6,1,2,360.1,0,720.19,Online
4740,2022-12-29,5,4,5,381.34,0,1906.68,Loja Física
4741,2024-06-19,7,25,7,403.13,0,2821.88,Online
4742,2024-09-30,3,13,10,650.69,0,6506.9,Representante
4743,2024-01-15,6,20,1,385.53,0,385.53,Representante
4744,2024-12-07,2,15,12,270.25,5,3080.8,Representante
4745,2022-12-16,6,28,7,374.97,0,2624.81,Representante
4746,2024-02-29,8,23,5,469.18,0,2345.91,Representante
4747,2023-03-08,6,2,2,428.62,15,728.66,Loja Física
4748,2023-12-12,7,13,7,398.63,15,2371.84,Representante
4749,2023-08-15,5,36,3,374.6,0,1123.8,Loja Física
4750,2024-10-28,5,19,3,330.3,10,891.82,Representante
4751,2023-07-05,4,11,3,1226.77,0,3680.31,Representante
4752,2023-03-08,7,50,3,416.84,0,1250.53,Online
4753,2024-08-15,4,17,6,1279.13,0,7674.78,Online
4754,2022-08-25,9,28,5,46.09,10,207.41,Representante
4755,2023-01-17,5,44,2,369.2,5,701.48,Online
4756,2024-08-14,8,6,4,456.04,10,1641.76,Loja Física
4757,2024-02-02,6,21,1,450.21,10,405.19,Loja Física
4758,2022-03-11,7,20,2,326.31,0,652.62,Representante
4759,2022-08-03,8,11,3,514.76,15,1312.63,Loja Física
4760,2022-01-17,6,1,1,375.08,0,375.08,Loja Física
4761,2024-08-31,9,13,5,47.41,0,237.06,Loja Física
4762,2022-07-25,7,11,2,348.59,0,697.18,Loja Física
4763,2023-09-20,5,11,5,352.1,0,1760.5,Loja Física
4764,2023-01-17,5,7,4,312.28,0,1249.1,Loja Física
4765,2024-07-23,7,27,8,329.16,10,2369.94,Representante
4766,2024-06-09,9,37,6,48.65,15,248.14,Loja Física
4767,2024-08-27,7,19,4,335.0,0,1340.01,Loja Física
4768,2024-02-04,4,14,1,1171.54,10,1054.39,Loja Física
4769,2024-09-15,6,49,3,424.91,15,1083.52,Loja Física
4770,2023-09-07,1,31,3,3905.45,0,11716.35,Online
4771,2024-11-04,8,46,7,466.16,0,3263.13,Loja Física
4772,2024-05-22,3,16,1,655.39,0,655.39,Representante
4773,2024-03-31,6,36,2,381.28,10,686.3,Online
4774,2022-12-02,1,1,7,3838.63,10,24183.36,Online
4775,2023-09-08,1,13,2,4835.88,10,8704.58,Representante
4776,2024-12-09,4,48,7,1273.03,0,8911.18,Representante
4777,2022-10-13,7,43,3,380.35,0,1141.06,Representante
4778,2023-11-14,2,26,6,278.21,0,1669.27,Online
4779,2023-09-26,6,26,3,407.88,0,1223.64,Loja Física
4780,2024-07-28,7,44,3,369.66,5,1053.52,Online
4781,2024-08-01,2,23,4,300.5,0,1201.99,Representante
4782,2022-10-30,8,12,5,476.74,0,2383.69,Online
4783,2023-09-10,1,32,3,4612.59,0,13837.76,Online
4784,2023-01-14,4,28,2,1068.64,0,2137.27,Online
4785,2024-06-13,7,10,3,342.58,0,1027.73,Representante
4786,2023-05-17,6,2,2,380.12,0,760.24,Representante
4787,2024-02-06,8,41,1,544.01,0,544.01,Loja Física
4788,2022-11-23,6,38,5,397.2,0,1986.01,Online
4789,2024-08-22,10,50,4,86.4,10,311.03,Representante
4790,2024-03-18,5,17,3,360.71,15,919.81,Online
4791,2024-08-25,8,37,3,496.95,15,1267.22,Loja Física
4792,2024-08-07,2,32,4,266.32,15,905.47,Online
4793,2022-07-16,5,47,4,337.14,5,1281.13,Online
4794,2023-10-14,4,28,3,1309.86,0,3929.57,Loja Física
4795,2023-11-01,9,31,3,42.61,0,127.84,Representante
4796,2024-05-19,2,36,3,306.3,10,827.02,Loja Física
4797,2024-12-29,10,14,7,91.45,0,640.18,Loja Física
4798,2024-09-27,5,2,3,306.54,15,781.66,Representante
4799,2022-02-25,3,44,1,674.58,0,674.58,Representante
4800,2022-12-31,10,45,5,88.97,0,444.86,Loja Física
4801,2024-01-12,2,26,3,272.29,0,816.87,Representante
4802,2022-01-04,5,7,1,348.21,10,313.39,Representante
4803,2024-03-26,10,37,3,97.91,0,293.72,Representante
4804,2023-04-17,7,24,2,394.29,0,788.58,Loja Física
4805,2023-01-20,10,28,1,80.97,0,80.97,Online
4806,2023-09-11,5,7,1,307.32,5,291.95,Online
4807,2023-11-27,8,22,4,544.48,5,2069.03,Representante
4808,2023-01-04,4,38,3,1028.41,5,2930.98,Online
4809,2023-08-07,6,17,2,390.46,0,780.91,Loja Física
4810,2024-09-11,5,47,6,379.27,0,2275.64,Loja Física
4811,2024-05-13,7,13,2,330.65,0,661.31,Online
4812,2024-03-26,1,33,8,4792.22,15,32587.07,Representante
4813,2022-08-06,1,42,5,4281.16,5,20335.52,Online
4814,2023-12-11,4,15,9,1090.88,15,8345.26,Representante
4815,2022-07-27,3,7,6,687.59,15,3506.7,Loja Física
4816,2022-01-26,7,10,2,388.86,0,777.73,Loja Física
4817,2022-09-21,9,4,7,42.13,10,265.44,Representante
4818,2024-02-26,4,14,1,1176.29,15,999.84,Loja Física
4819,2022-01-24,1,1,4,4507.84,5,17129.8,Representante
4820,2024-04-02,9,20,4,42.86,5,162.88,Online
4821,2023-09-13,8,35,7,514.66,5,3422.52,Loja Física
4822,2022-08-26,6,41,5,373.46,10,1680.57,Loja Física
4823,2024-10-25,2,10,3,267.57,0,802.72,Loja Física
4824,2023-11-18,5,29,2,373.44,10,672.2,Loja Física
4825,2022-08-17,3,44,2,612.17,0,1224.33,Loja Física
4826,2024-12-24,9,27,12,47.99,5,547.1,Representante
4827,2022-06-13,6,9,3,377.47,0,1132.4,Online
4828,2023-11-22,2,27,3,257.87,15,657.56,Representante
4829,2023-06-13,4,35,2,1281.86,0,2563.73,Representante
4830,2024-07-20,2,15,5,245.13,5,1164.36,Online
4831,2024-08-09,3,16,7,566.19,0,3963.32,Online
4832,2022-09-06,1,26,3,4186.78,5,11932.32,Loja Física
4833,2024-01-22,5,13,1,357.26,0,357.26,Representante
4834,2024-01-27,5,22,2,339.81,0,679.63,Loja Física
4835,2023-11-23,3,47,5,593.62,15,2522.9,Loja Física
4836,2022-02-18,8,49,3,510.67,10,1378.81,Loja Física
4837,2023-01-02,3,35,2,605.39,0,1210.78,Loja Física
4838,2024-05-04,10,21,3,77.42,0,232.27,Loja Física
4839,2023-10-27,5,48,2,346.55,0,693.11,Representante
4840,2022-03-14,3,46,3,555.32,10,1499.37,Online
4841,2024-01-02,9,37,3,43.44,15,110.78,Online
4842,2024-12-24,10,44,9,90.17,15,689.83,Loja Física
4843,2023-05-25,6,7,3,453.67,0,1361.01,Online
4844,2024-12-31,7,36,11,397.28,0,4370.09,Online
4845,2022-10-24,9,30,3,46.37,15,118.25,Loja Física
4846,2024-06-01,10,41,5,98.51,0,492.53,Loja Física
4847,2024-07-27,2,10,6,249.05,15,1270.16,Representante
4848,2023-05-15,5,5,4,370.23,15,1258.79,Representante
4849,2024-07-27,1,9,8,3912.44,0,31299.56,Online
4850,2023-10-31,2,24,6,294.47,0,1766.83,Online
4851,2022-10-28,9,38,1,40.25,10,36.22,Representante
4852,2022-07-27,7,37,5,408.15,5,1938.7,Representante
4853,2022-06-11,9,48,2,45.73,0,91.47,Representante
4854,2023-09-11,10,14,3,82.47,5,235.05,Loja Física
4855,2022-02-15,8,5,1,559.55,0,559.55,Representante
4856,2023-06-11,10,34,4,95.75,15,325.56,Representante
4857,2022-06-12,3,7,1,603.11,5,572.96,Online
4858,2023-01-28,8,45,1,474.48,10,427.03,Loja Física
4859,2023-09-13,3,6,5,632.68,10,2847.08,Representante
4860,2023-05-15,2,49,4,296.76,15,1008.97,Online
4861,2024-02-06,9,33,2,44.81,10,80.66,Loja Física
4862,2023-03-17,9,38,2,41.33,5,78.52,Loja Física
4863,2023-01-16,7,29,2,371.0,0,742.0,Representante
4864,2022-04-04,9,12,4,38.73,10,139.42,Loja Física
4865,2023-01-07,10,39,1,84.77,15,72.05,Loja Física
4866,2023-07-13,4,33,4,1274.48,0,5097.92,Loja Física
4867,2023-03-01,8,14,5,545.86,0,2729.3,Loja Física
4868,2022-09-23,1,26,3,4371.32,0,13113.95,Loja Física
4869,2024-08-05,3,46,3,589.04,10,1590.4,Representante
4870,2023-10-14,7,12,3,390.84,0,1172.53,Online
4871,2023-04-06,2,20,3,283.5,0,850.51,Representante
4872,2023-10-27,3,30,6,670.51,0,4023.06,Online
4873,2023-08-13,10,42,1,80.42,15,68.36,Representante
4874,2024-08-01,9,35,1,46.67,10,42.01,Loja Física
4875,2023-11-05,4,37,5,1113.85,10,5012.34,Loja Física
4876,2024-09-01,2,47,8,252.02,10,1814.51,Online
4877,2023-12-04,7,39,15,396.48,0,5947.16,Loja Física
4878,2023-12-11,4,46,5,1056.92,5,5020.37,Online
4879,2024-08-04,6,14,2,430.85,15,732.45,Loja Física
4880,2023-03-08,1,37,4,4094.34,10,14739.62,Representante
4881,2022-12-15,6,48,4,411.64,15,1399.57,Loja Física
4882,2023-06-08,5,16,7,366.54,5,2437.49,Online
4883,2022-06-10,6,15,1,448.6,15,381.31,Loja Física
4884,2023-12-09,5,37,3,334.79,0,1004.38,Online
4885,2024-12-20,4,2,7,1262.0,0,8833.97,Loja Física
4886,2023-08-21,4,12,3,1238.34,0,3715.03,Loja Física
4887,2024-08-15,3,15,3,676.71,0,2030.12,Online
4888,2022-12-08,2,24,4,258.68,10,931.26,Loja Física
4889,2024-06-02,5,2,8,313.07,5,2379.33,Online
4890,2023-08-05,4,39,6,1293.95,10,6987.35,Representante
4891,2024-10-02,1,13,3,4696.95,0,14090.86,Loja Física
4892,2022-09-27,3,46,7,567.49,5,3773.84,Representante
4893,2022-09-10,7,30,3,363.11,0,1089.32,Loja Física
4894,2023-03-24,9,31,5,44.74,0,223.72,Online
4895,2023-08-16,1,45,3,4052.94,0,12158.81,Online
4896,2024-04-01,9,48,5,46.47,10,209.11,Loja Física
4897,2023-12-22,8,19,7,534.04,0,3738.3,Loja Física
4898,2023-07-26,4,34,2,1056.3,0,2112.61,Loja Física
4899,2022-08-05,1,37,5,4102.13,15,17434.04,Representante
4900,2023-10-13,1,27,1,3840.31,10,3456.28,Representante
4901,2024-12-26,10,4,4,84.38,5,320.64,Online
4902,2024-04-07,3,13,4,563.99,5,2143.15,Loja Física
4903,2023-08-10,4,3,5,1282.49,5,6091.81,Online
4904,2022-12-30,7,17,5,347.33,5,1649.8,Loja Física
4905,2022-01-07,1,44,4,4386.12,10,15790.02,Loja Física
4906,2024-08-08,3,42,4,598.67,15,2035.49,Online
4907,2022-07-21,9,16,4,48.28,5,183.45,Representante
4908,2024-05-06,6,39,4,374.67,5,1423.76,Loja Física
4909,2023-01-22,1,44,3,4787.84,15,12208.99,Online
4910,2023-04-05,10,19,3,86.59,0,259.77,Representante
4911,2024-10-27,10,29,1,81.42,0,81.42,Representante
4912,2024-04-17,7,33,3,400.99,0,1202.97,Loja Física
4913,2023-05-27,6,15,5,430.16,0,2150.82,Representante
4914,2024-08-24,6,16,5,402.77,15,1711.79,Online
4915,2024-01-29,5,34,3,379.62,0,1138.85,Representante
4916,2024-03-08,2,22,4,248.43,10,894.36,Representante
4917,2023-01-31,6,24,5,433.86,0,2169.32,Loja Física
4918,2024-01-26,3,15,2,608.19,15,1033.92,Online
4919,2022-12-25,8,46,7,559.14,5,3718.29,Representante
4920,2023-02-14,9,42,1,39.86,0,39.86,Online
4921,2023-08-24,3,14,2,667.58,0,1335.15,Online
4922,2023-02-28,2,10,1,297.45,10,267.7,Loja Física
4923,2024-07-29,10,10,4,84.61,0,338.45,Representante
4924,2024-06-27,4,1,3,1284.67,0,3854.02,Online
4925,2024-08-02,10,15,3,76.85,10,207.49,Representante
4926,2022-08-16,2,16,1,271.07,10,243.97,Loja Física
4927,2022-11-23,4,42,5,1313.11,0,6565.57,Loja Física
4928,2022-05-24,10,34,4,94.92,0,379.66,Representante
4929,2022-03-08,9,4,1,41.62,15,35.38,Representante
4930,2024-04-12,4,43,5,1301.89,10,5858.52,Loja Física
4931,2024-02-29,3,11,2,601.36,0,1202.72,Loja Física
4932,2023-06-17,2,29,2,243.21,15,413.46,Representante
4933,2022-09-05,5,1,5,376.37,15,1599.57,Representante
4934,2024-12-29,3,15,5,608.88,15,2587.74,Online
4935,2024-06-17,6,19,6,393.03,5,2240.26,Representante
4936,2022-05-03,9,47,4,49.24,0,196.94,Loja Física
4937,2022-03-23,6,38,4,381.9,0,1527.59,Loja Física
4938,2024-11-13,4,25,5,1204.51,15,5119.16,Representante
4939,2024-06-20,6,44,5,426.51,5,2025.93,Online
4940,2022-08-01,3,1,1,561.82,0,561.82,Loja Física
4941,2022-08-17,7,26,1,382.05,15,324.74,Online
4942,2024-01-21,1,3,5,4574.92,5,21730.89,Representante
4943,2023-11-27,10,32,4,86.6,0,346.42,Online
4944,2024-09-15,10,36,3,88.1,0,264.31,Loja Física
4945,2022-07-18,1,3,5,4057.5,0,20287.52,Representante
4946,2022-06-01,6,49,7,461.26,5,3067.41,Representante
4947,2024-10-03,10,20,4,76.83,0,307.34,Loja Física
4948,2023-12-03,4,38,6,1271.79,0,7630.72,Representante
4949,2024-06-29,8,15,4,531.43,0,2125.74,Loja Física
4950,2023-06-13,9,29,4,49.19,10,177.1,Loja Física
4951,2022-03-15,5,11,1,372.02,0,372.02,Online
4952,2024-12-04,6,42,6,444.48,0,2666.9,Online
4953,2023-03-29,8,39,6,549.67,0,3298.04,Representante
4954,2024-01-13,8,40,5,497.75,15,2115.42,Loja Física
4955,2023-09-21,7,19,2,386.16,15,656.48,Online
4956,2023-09-17,2,1,5,305.49,5,1451.06,Representante
4957,2024-06-19,4,2,5,1067.85,15,4538.35,Loja Física
4958,2022-11-13,10,44,4,91.13,15,309.83,Representante
4959,2022-09-21,3,32,4,654.89,0,2619.56,Representante
4960,2023-08-22,9,31,1,42.66,5,40.52,Loja Física
4961,2023-04-12,9,49,6,44.31,0,265.87,Online
4962,2023-09-13,7,9,1,356.97,0,356.97,Representante
4963,2022-01-25,4,13,3,1218.8,0,3656.39,Loja Física
4964,2024-11-07,5,35,15,319.32,15,4071.29,Representante
4965,2024-04-11,9,2,3,38.33,5,109.25,Representante
4966,2022-12-15,4,21,5,1282.66,0,6413.29,Representante
4967,2022-11-16,6,38,10,373.16,10,3358.45,Representante
4968,2023-10-06,4,36,7,1262.26,10,7952.26,Loja Física
4969,2024-02-14,3,11,4,686.15,5,2607.36,Representante
4970,2022-12-13,6,17,7,369.97,10,2330.78,Loja Física
4971,2022-12-26,4,4,7,1191.59,5,7924.05,Loja Física
4972,2022-01-30,2,5,2,249.89,15,424.82,Online
4973,2023-12-03,3,3,6,572.66,0,3435.94,Loja Física
4974,2023-02-27,2,40,4,270.13,0,1080.52,Online
4975,2023-07-24,2,10,4,248.24,10,893.67,Representante
4976,2022-09-02,10,37,2,82.35,15,139.99,Online
4977,2024-01-01,9,40,2,39.85,5,75.71,Loja Física
4978,2022-01-25,9,45,3,43.53,15,111.0,Representante
4979,2023-04-13,8,27,6,443.4,15,2261.32,Online
4980,2024-01-15,1,11,3,4423.17,15,11279.09,Online
4981,2024-03-27,10,27,4,97.53,15,331.59,Online
4982,2023-11-06,8,36,4,534.86,10,1925.51,Online
4983,2023-07-10,7,25,4,396.43,10,1427.16,Representante
4984,2022-06-12,9,38,1,47.7,0,47.7,Loja Física
4985,2024-12-06,3,28,11,682.63,0,7508.88,Online
4986,2023-06-09,6,16,3,449.23,15,1145.53,Online
4987,2023-05-17,7,36,4,331.65,0,1326.6,Representante
4988,2024-07-23,10,38,1,79.0,0,79.0,Online
4989,2023-06-29,1,9,3,4603.66,10,12429.87,Loja Física
4990,2022-07-07,4,1,1,1090.85,15,927.23,Online
4991,2022-05-11,6,15,3,360.53,0,1081.58,Representante
4992,2023-09-13,3,36,4,637.55,0,2550.21,Online
4993,2023-04-12,4,2,6,1105.59,0,6633.51,Representante
4994,2024-09-04,7,3,3,381.87,5,1088.33,Online
4995,2022-04-15,1,5,3,4449.18,0,13347.55,Representante
4996,2022-05-30,6,48,2,401.58,0,803.15,Loja Física
4997,2022-08-27,2,43,1,263.94,5,250.74,Online
4998,2024-09-01,2,28,3,306.2,0,918.61,Online
4999,2023-03-17,4,37,1,1055.94,10,950.34,Loja Física
5000,2023-09-07,1,35,1,4460.36,10,4014.32,Online
